X[s],"FCU: EMG 1",X[s],"ECR: EMG 2"
0.000000,0,0.000000,0
0.0004655172,0,0.0004655172,0
0.0009310344,0,0.0009310344,0
0.001396552,0,0.001396552,0
0.001862069,0,0.001862069,0
0.002327586,0,0.002327586,0
0.002793103,0,0.002793103,0
0.003258621,0,0.003258621,0
0.003724138,0,0.003724138,0
0.004189655,0,0.004189655,0
0.004655172,0,0.004655172,0
0.00512069,0,0.00512069,0
0.005586207,0,0.005586207,0
0.006051724,0,0.006051724,0
0.006517241,0,0.006517241,0
0.006982759,0,0.006982759,0
0.007448276,0,0.007448276,0
0.007913793,0,0.007913793,0
0.00837931,0,0.00837931,0
0.008844827,0,0.008844827,0
0.009310344,0,0.009310344,0
0.009775862,0,0.009775862,0
0.01024138,0,0.01024138,0
0.0107069,0,0.0107069,0
0.01117241,0,0.01117241,0
0.01163793,0,0.01163793,0
0.01210345,0,0.01210345,0
0.01256897,0,0.01256897,0
0.01303448,0,0.01303448,0
0.0135,0,0.0135,0
0.01396552,0,0.01396552,0
0.01443103,0,0.01443103,0
0.01489655,0,0.01489655,0
0.01536207,0,0.01536207,0
0.01582759,0,0.01582759,0
0.0162931,0,0.0162931,0
0.01675862,0,0.01675862,0
0.01722414,0,0.01722414,0
0.01768965,0,0.01768965,0
0.01815517,0,0.01815517,0
0.01862069,0,0.01862069,0
0.01908621,0,0.01908621,0
0.01955172,0,0.01955172,0
0.02001724,0,0.02001724,0
0.02048276,0,0.02048276,0
0.02094828,0,0.02094828,0
0.02141379,0,0.02141379,0
0.02187931,0,0.02187931,0
0.02234483,0,0.02234483,0
0.02281034,0,0.02281034,0
0.02327586,0,0.02327586,0
0.02374138,0,0.02374138,0
0.0242069,0,0.0242069,0
0.02467241,0,0.02467241,0
0.02513793,0,0.02513793,0
0.02560345,0,0.02560345,0
0.02606896,0,0.02606896,0
0.02653448,0,0.02653448,0
0.027,0,0.027,0
0.02746552,0,0.02746552,0
0.02793103,0,0.02793103,0
0.02839655,0,0.02839655,0
0.02886207,0,0.02886207,0
0.02932759,0,0.02932759,0
0.0297931,0,0.0297931,0
0.03025862,0,0.03025862,0
0.03072414,0,0.03072414,0
0.03118965,0,0.03118965,0
0.03165517,0,0.03165517,0
0.03212069,0,0.03212069,0
0.03258621,0,0.03258621,0
0.03305172,0,0.03305172,0
0.03351724,0,0.03351724,0
0.03398276,0,0.03398276,0
0.03444827,0,0.03444827,0
0.03491379,0,0.03491379,0
0.03537931,0,0.03537931,0
0.03584483,0,0.03584483,0
0.03631034,0,0.03631034,0
0.03677586,0,0.03677586,0
0.03724138,0,0.03724138,0
0.0377069,0,0.0377069,0
0.03817241,0,0.03817241,0
0.03863793,0,0.03863793,0
0.03910345,0,0.03910345,0
0.03956896,0,0.03956896,0
0.04003448,0,0.04003448,0
0.0405,0,0.0405,0
0.04096552,0,0.04096552,0
0.04143103,0,0.04143103,0
0.04189655,0,0.04189655,0
0.04236207,0,0.04236207,0
0.04282758,0,0.04282758,0
0.0432931,0,0.0432931,0
0.04375862,0,0.04375862,0
0.04422414,0,0.04422414,0
0.04468966,0,0.04468966,0
0.04515517,0,0.04515517,0
0.04562069,0,0.04562069,0
0.04608621,0,0.04608621,0
0.04655172,0,0.04655172,0
0.04701724,0,0.04701724,0
0.04748276,0,0.04748276,0
0.04794827,0,0.04794827,0
0.04841379,0,0.04841379,0
0.04887931,0,0.04887931,0
0.04934483,0,0.04934483,0
0.04981034,0,0.04981034,0
0.05027586,0,0.05027586,0
0.05074138,0,0.05074138,0
0.05120689,0,0.05120689,0
0.05167241,0,0.05167241,0
0.05213793,0,0.05213793,0
0.05260345,0,0.05260345,0
0.05306897,0,0.05306897,0
0.05353448,0,0.05353448,0
0.054,0,0.054,0
0.05446552,0,0.05446552,0
0.05493103,0,0.05493103,0
0.05539655,0,0.05539655,0
0.05586207,0,0.05586207,0
0.05632759,0,0.05632759,0
0.0567931,0,0.0567931,0
0.05725862,0,0.05725862,0
0.05772414,0,0.05772414,0
0.05818965,0,0.05818965,0
0.05865517,0,0.05865517,0
0.05912069,0,0.05912069,0
0.0595862,0,0.0595862,0
0.06005172,0,0.06005172,0
0.06051724,0,0.06051724,0
0.06098276,0,0.06098276,0
0.06144828,0,0.06144828,0
0.06191379,0,0.06191379,0
0.06237931,0,0.06237931,0
0.06284483,0,0.06284483,0
0.06331034,0,0.06331034,0
0.06377586,0,0.06377586,0
0.06424138,0,0.06424138,0
0.06470689,0,0.06470689,0
0.06517241,0,0.06517241,0
0.06563793,0,0.06563793,0
0.06610344,0,0.06610344,0
0.06656896,0,0.06656896,0
0.06703448,0,0.06703448,0
0.0675,0,0.0675,0
0.06796551,0,0.06796551,0
0.06843103,0,0.06843103,0
0.06889655,0,0.06889655,0
0.06936207,0,0.06936207,0
0.06982759,0,0.06982759,0
0.0702931,0,0.0702931,0
0.07075862,0,0.07075862,0
0.07122414,0,0.07122414,0
0.07168965,0,0.07168965,0
0.07215517,0,0.07215517,0
0.07262069,0,0.07262069,0
0.0730862,0,0.0730862,0
0.07355172,0,0.07355172,0
0.07401724,0,0.07401724,0
0.07448275,0,0.07448275,0
0.07494827,0,0.07494827,0
0.07541379,0,0.07541379,0
0.07587931,0,0.07587931,0
0.07634483,0,0.07634483,0
0.07681035,0,0.07681035,0
0.07727586,0,0.07727586,0
0.07774138,0,0.07774138,0
0.0782069,0,0.0782069,0
0.07867241,0,0.07867241,0
0.07913793,0,0.07913793,0
0.07960345,0,0.07960345,0
0.08006896,0,0.08006896,0
0.08053448,0,0.08053448,0
0.081,0,0.081,0
0.08146551,0,0.08146551,0
0.08193103,0,0.08193103,0
0.08239655,0,0.08239655,0
0.08286206,0,0.08286206,0
0.08332758,0,0.08332758,0
0.0837931,0,0.0837931,0
0.08425862,0,0.08425862,0
0.08472414,0,0.08472414,0
0.08518966,0,0.08518966,0
0.08565517,0,0.08565517,0
0.08612069,0,0.08612069,0
0.08658621,0,0.08658621,0
0.08705172,0,0.08705172,0
0.08751724,0,0.08751724,0
0.08798276,0,0.08798276,0
0.08844827,0,0.08844827,0
0.08891379,0,0.08891379,0
0.08937931,0,0.08937931,0
0.08984482,0,0.08984482,0
0.09031034,0,0.09031034,0
0.09077586,0,0.09077586,0
0.09124137,0,0.09124137,0
0.09170689,0,0.09170689,0
0.09217241,0,0.09217241,0
0.09263793,0,0.09263793,0
0.09310345,0,0.09310345,0
0.09356897,0,0.09356897,0
0.09403448,0,0.09403448,0
0.0945,0,0.0945,-3.189136E-06
0.09496552,0,0.09496552,2.18204E-06
0.09543103,0,0.09543103,3.524834E-06
0.09589655,0,0.09589655,4.36408E-06
0.09636207,0,0.09636207,2.517739E-06
0.09682758,0,0.09682758,-3.356985E-07
0.0972931,0,0.0972931,-3.524834E-06
0.09775862,0,0.09775862,-5.539025E-06
0.09822413,0,0.09822413,-3.189136E-06
0.09868965,0,0.09868965,1.007095E-06
0.09915517,0,0.09915517,2.18204E-06
0.09962068,0,0.09962068,6.713969E-07
0.1000862,0,0.1000862,-5.035477E-07
0.1005517,0,0.1005517,-2.18204E-06
0.1010172,0,0.1010172,-5.539025E-06
0.1014828,0,0.1014828,-6.881819E-06
0.1019483,0,0.1019483,-7.553216E-06
0.1024138,0,0.1024138,-8.224612E-06
0.1028793,0,0.1028793,-8.560311E-06
0.1033448,0,0.1033448,-7.553216E-06
0.1038103,0,0.1038103,-7.553216E-06
0.1042759,0,0.1042759,-6.210422E-06
0.1047414,0,0.1047414,-1.510643E-06
0.1052069,0,0.1052069,3.189136E-06
0.1056724,0,0.1056724,5.203327E-06
0.1061379,0,0.1061379,4.531929E-06
0.1066034,0,0.1066034,3.189136E-06
0.107069,0,0.107069,2.18204E-06
0.1075345,0,0.1075345,-1.678492E-07
0.108,0,0.108,-1.846342E-06
0.1084655,0,0.1084655,-2.18204E-06
0.108931,0,0.108931,-1.510643E-06
0.1093965,0,0.1093965,-4.196231E-06
0.1098621,0,0.1098621,-9.063859E-06
0.1103276,0,0.1103276,-1.09102E-05
0.1107931,0,0.1107931,-8.560311E-06
0.1112586,0,0.1112586,-6.54612E-06
0.1117241,0,0.1117241,-5.539025E-06
0.1121897,0,0.1121897,-2.853437E-06
0.1126552,0,0.1126552,8.392462E-07
0.1131207,0,0.1131207,3.860533E-06
0.1135862,0,0.1135862,2.517739E-06
0.1140517,0,0.1140517,-3.860533E-06
0.1145172,0,0.1145172,-1.02388E-05
0.1149828,0,0.1149828,-1.174945E-05
0.1154483,0,0.1154483,-8.728161E-06
0.1159138,0,0.1159138,-8.89601E-06
0.1163793,0,0.1163793,-1.376364E-05
0.1168448,0,0.1168448,-1.695277E-05
0.1173103,0,0.1173103,-1.628138E-05
0.1177759,0,0.1177759,-1.393149E-05
0.1182414,0,0.1182414,-1.02388E-05
0.1187069,0,0.1187069,-5.203327E-06
0.1191724,0,0.1191724,-1.846342E-06
0.1196379,0,0.1196379,5.035477E-07
0.1201034,0,0.1201034,1.846342E-06
0.120569,0,0.120569,1.174945E-06
0.1210345,0,0.1210345,-1.678492E-07
0.1215,0,0.1215,-8.392462E-07
0.1219655,0,0.1219655,5.035477E-07
0.122431,0,0.122431,2.853437E-06
0.1228966,0,0.1228966,3.860533E-06
0.1233621,0,0.1233621,1.678492E-06
0.1238276,0,0.1238276,8.392462E-07
0.1242931,0,0.1242931,5.035477E-07
0.1247586,0,0.1247586,1.007095E-06
0.1252241,0,0.1252241,1.174945E-06
0.1256897,0,0.1256897,2.517739E-06
0.1261552,0,0.1261552,2.349889E-06
0.1266207,0,0.1266207,1.510643E-06
0.1270862,0,0.1270862,2.853437E-06
0.1275517,0,0.1275517,5.035477E-06
0.1280172,0,0.1280172,2.517739E-06
0.1284828,0,0.1284828,-1.510643E-06
0.1289483,0,0.1289483,-1.510643E-06
0.1294138,0,0.1294138,3.356985E-07
0.1298793,0,0.1298793,1.510643E-06
0.1303448,0,0.1303448,4.867628E-06
0.1308103,0,0.1308103,1.02388E-05
0.1312759,0,0.1312759,1.12459E-05
0.1317414,0,0.1317414,9.231709E-06
0.1322069,0,0.1322069,6.881819E-06
0.1326724,0,0.1326724,7.888914E-06
0.1331379,0,0.1331379,1.19173E-05
0.1336034,0,0.1336034,1.527428E-05
0.134069,0,0.134069,1.242084E-05
0.1345345,0,0.1345345,3.860533E-06
0.135,0,0.135,-3.524834E-06
0.1354655,0,0.1354655,-6.54612E-06
0.135931,0,0.135931,-8.560311E-06
0.1363965,0,0.1363965,-1.460288E-05
0.1368621,0,0.1368621,-2.333104E-05
0.1373276,0,0.1373276,-2.870222E-05
0.1377931,0,0.1377931,-2.635233E-05
0.1382586,0,0.1382586,-2.047761E-05
0.1387241,0,0.1387241,-1.628138E-05
0.1391896,0,0.1391896,-1.09102E-05
0.1396552,0,0.1396552,-6.210422E-06
0.1401207,0,0.1401207,-5.035477E-07
0.1405862,0,0.1405862,4.867628E-06
0.1410517,0,0.1410517,7.217518E-06
0.1415172,0,0.1415172,7.888914E-06
0.1419827,0,0.1419827,7.721065E-06
0.1424483,0,0.1424483,3.692683E-06
0.1429138,0,0.1429138,-2.18204E-06
0.1433793,0,0.1433793,-3.692683E-06
0.1438448,0,0.1438448,-5.539025E-06
0.1443103,0,0.1443103,-8.224612E-06
0.1447759,0,0.1447759,-9.903105E-06
0.1452414,0,0.1452414,-7.553216E-06
0.1457069,0,0.1457069,-6.210422E-06
0.1461724,0,0.1461724,-5.203327E-06
0.1466379,0,0.1466379,-4.531929E-06
0.1471034,0,0.1471034,-1.510643E-06
0.147569,0,0.147569,1.846342E-06
0.1480345,0,0.1480345,3.860533E-06
0.1485,0,0.1485,1.846342E-06
0.1489655,0,0.1489655,-1.846342E-06
0.149431,0,0.149431,-3.524834E-06
0.1498965,0,0.1498965,-4.196231E-06
0.1503621,0,0.1503621,-4.196231E-06
0.1508276,0,0.1508276,-4.531929E-06
0.1512931,0,0.1512931,-6.042573E-06
0.1517586,0,0.1517586,-6.881819E-06
0.1522241,0,0.1522241,-8.224612E-06
0.1526897,0,0.1526897,-7.049668E-06
0.1531552,0,0.1531552,-4.867628E-06
0.1536207,0,0.1536207,-4.36408E-06
0.1540862,0,0.1540862,-3.524834E-06
0.1545517,0,0.1545517,-1.846342E-06
0.1550172,0,0.1550172,5.035477E-07
0.1554828,0,0.1554828,5.203327E-06
0.1559483,0,0.1559483,8.560311E-06
0.1564138,0,0.1564138,7.217518E-06
0.1568793,0,0.1568793,5.874723E-06
0.1573448,0,0.1573448,9.231709E-06
0.1578103,0,0.1578103,1.326009E-05
0.1582759,0,0.1582759,1.460288E-05
0.1587414,0,0.1587414,1.460288E-05
0.1592069,0,0.1592069,1.225299E-05
0.1596724,0,0.1596724,6.881819E-06
0.1601379,0,0.1601379,-8.392462E-07
0.1606034,0,0.1606034,-7.553216E-06
0.161069,0,0.161069,-9.567407E-06
0.1615345,0,0.1615345,-9.063859E-06
0.162,2.803082E-05,0.162,-1.05745E-05
0.1624655,4.078737E-05,0.1624655,-1.258869E-05
0.162931,5.354391E-05,0.162931,-1.292439E-05
0.1633966,6.277562E-05,0.1633966,-1.15816E-05
0.1638621,5.690089E-05,0.1638621,-1.12459E-05
0.1643276,3.608759E-05,0.1643276,-1.258869E-05
0.1647931,1.309224E-05,0.1647931,-1.359579E-05
0.1652586,-2.349889E-06,0.1652586,-1.292439E-05
0.1657241,-9.567407E-06,0.1657241,-1.225299E-05
0.1661897,-1.09102E-05,0.1661897,-8.89601E-06
0.1666552,-9.567407E-06,0.1666552,-6.54612E-06
0.1671207,-4.196231E-06,0.1671207,-4.196231E-06
0.1675862,2.18204E-06,0.1675862,1.678492E-07
0.1680517,2.517739E-06,0.1680517,4.196231E-06
0.1685172,-1.678492E-07,0.1685172,6.210422E-06
0.1689828,5.035477E-07,0.1689828,5.874723E-06
0.1694483,5.203327E-06,0.1694483,5.539025E-06
0.1699138,7.217518E-06,0.1699138,2.517739E-06
0.1703793,-1.326009E-05,0.1703793,-1.678492E-07
0.1708448,-4.716563E-05,0.1708448,-5.035477E-07
0.1713103,-4.901198E-05,0.1713103,1.174945E-06
0.1717759,-9.231709E-06,0.1717759,3.860533E-06
0.1722414,2.265965E-05,0.1722414,5.203327E-06
0.1727069,1.728847E-05,0.1727069,-1.174945E-06
0.1731724,-4.196231E-06,0.1731724,-1.09102E-05
0.1736379,-2.467384E-05,0.1736379,-1.426719E-05
0.1741034,-5.085832E-05,0.1741034,-1.02388E-05
0.174569,-8.509956E-05,0.174569,-2.853437E-06
0.1750345,-9.684901E-05,0.1750345,4.531929E-06
0.1755,-6.596475E-05,0.1755,7.553216E-06
0.1759655,-2.467384E-05,0.1759655,4.36408E-06
0.176431,-3.524834E-06,0.176431,8.392462E-07
0.1768965,2.517739E-06,0.1768965,-1.678492E-06
0.1773621,6.54612E-06,0.1773621,-4.196231E-06
0.1778276,1.09102E-05,0.1778276,-7.049668E-06
0.1782931,9.903105E-06,0.1782931,-1.19173E-05
0.1787586,6.713969E-07,0.1787586,-1.628138E-05
0.1792241,-9.735256E-06,0.1792241,-1.527428E-05
0.1796896,-1.896696E-05,0.1796896,-9.231709E-06
0.1801552,-2.836652E-05,0.1801552,-5.539025E-06
0.1806207,-3.524834E-05,0.1806207,-2.18204E-06
0.1810862,-3.40734E-05,0.1810862,3.860533E-06
0.1815517,-2.903792E-05,0.1815517,7.888914E-06
0.1820172,-2.24918E-05,0.1820172,8.560311E-06
0.1824827,-1.477073E-05,0.1824827,5.203327E-06
0.1829483,-3.692683E-06,0.1829483,-1.510643E-06
0.1834138,6.54612E-06,0.1834138,-7.888914E-06
0.1838793,1.409934E-05,0.1838793,-8.224612E-06
0.1843448,1.997406E-05,0.1843448,-5.203327E-06
0.1848103,2.534523E-05,0.1848103,-2.18204E-06
0.1852759,2.937362E-05,0.1852759,1.678492E-07
0.1857414,3.323415E-05,0.1857414,5.035477E-07
0.1862069,3.440909E-05,0.1862069,-8.392462E-07
0.1866724,2.937362E-05,0.1866724,-1.174945E-06
0.1871379,1.863127E-05,0.1871379,2.853437E-06
0.1876034,1.326009E-05,0.1876034,9.903105E-06
0.188069,2.349889E-05,0.188069,1.326009E-05
0.1885345,3.994812E-05,0.1885345,1.05745E-05
0.189,4.548714E-05,0.189,4.867628E-06
0.1894655,3.508049E-05,0.1894655,5.035477E-07
0.189931,2.366674E-05,0.189931,-8.392462E-07
0.1903965,2.333104E-05,0.1903965,-1.678492E-06
0.1908621,2.803082E-05,0.1908621,-4.867628E-06
0.1913276,2.400244E-05,0.1913276,-6.881819E-06
0.1917931,3.692683E-06,0.1917931,-4.196231E-06
0.1922586,-3.105211E-05,0.1922586,1.846342E-06
0.1927241,-6.462196E-05,0.1927241,4.867628E-06
0.1931897,-7.67071E-05,0.1931897,4.196231E-06
0.1936552,-6.327916E-05,0.1936552,-1.510643E-06
0.1941207,-4.061952E-05,0.1941207,-8.89601E-06
0.1945862,-2.467384E-05,0.1945862,-1.15816E-05
0.1950517,-2.098116E-05,0.1950517,-1.02388E-05
0.1955172,-2.299535E-05,0.1955172,-8.89601E-06
0.1959828,-2.316319E-05,0.1959828,-6.210422E-06
0.1964483,-1.829557E-05,0.1964483,-5.539025E-06
0.1969138,-1.426719E-05,0.1969138,-7.553216E-06
0.1973793,-8.89601E-06,0.1973793,-6.881819E-06
0.1978448,-9.063859E-06,0.1978448,-2.853437E-06
0.1983103,-2.400244E-05,0.1983103,-1.510643E-06
0.1987759,-3.776608E-05,0.1987759,-1.510643E-06
0.1992414,-3.021286E-05,0.1992414,-1.678492E-07
0.1997069,-1.560998E-05,0.1997069,8.392462E-07
0.2001724,-7.888914E-06,0.2001724,2.18204E-06
0.2006379,-5.874723E-06,0.2006379,2.18204E-06
0.2011034,-9.567407E-06,0.2011034,1.174945E-06
0.201569,-1.09102E-05,0.201569,-1.510643E-06
0.2020345,-2.853437E-06,0.2020345,-2.014191E-06
0.2025,1.05745E-05,0.2025,-8.392462E-07
0.2029655,1.896696E-05,0.2029655,1.678492E-07
0.203431,1.863127E-05,0.203431,2.18204E-06
0.2038966,1.409934E-05,0.2038966,1.846342E-06
0.2043621,8.560311E-06,0.2043621,-2.18204E-06
0.2048276,6.54612E-06,0.2048276,-4.867628E-06
0.2052931,7.888914E-06,0.2052931,-4.196231E-06
0.2057586,7.888914E-06,0.2057586,-8.392462E-07
0.2062241,7.553216E-06,0.2062241,2.853437E-06
0.2066897,8.224612E-06,0.2066897,3.692683E-06
0.2071552,6.54612E-06,0.2071552,5.035477E-07
0.2076207,9.063859E-06,0.2076207,-5.706874E-06
0.2080862,1.19173E-05,0.2080862,-1.09102E-05
0.2085517,1.19173E-05,0.2085517,-1.359579E-05
0.2090172,7.888914E-06,0.2090172,-1.359579E-05
0.2094828,3.189136E-06,0.2094828,-1.443504E-05
0.2099483,-1.846342E-06,0.2099483,-1.628138E-05
0.2104138,-9.567407E-06,0.2104138,-1.527428E-05
0.2108793,-1.359579E-05,0.2108793,-1.09102E-05
0.2113448,-1.896696E-05,0.2113448,-4.531929E-06
0.2118103,-2.500954E-05,0.2118103,-8.392462E-07
0.2122759,-2.467384E-05,0.2122759,-1.007095E-06
0.2127414,-2.24918E-05,0.2127414,-2.349889E-06
0.2132069,-2.970932E-05,0.2132069,-3.021286E-06
0.2136724,-3.743038E-05,0.2136724,-2.18204E-06
0.2141379,-3.23949E-05,0.2141379,-1.678492E-07
0.2146034,-1.661708E-05,0.2146034,1.678492E-07
0.215069,-1.510643E-06,0.215069,-5.035477E-07
0.2155345,9.567407E-06,0.2155345,-8.392462E-07
0.216,1.728847E-05,0.216,-1.678492E-06
0.2164655,2.450599E-05,0.2164655,-1.510643E-06
0.216931,3.474479E-05,0.216931,1.174945E-06
0.2173965,4.129091E-05,0.2173965,2.517739E-06
0.2178621,3.608759E-05,0.2178621,1.174945E-06
0.2183276,2.870222E-05,0.2183276,1.846342E-06
0.2187931,2.232395E-05,0.2187931,1.510643E-06
0.2192586,1.15816E-05,0.2192586,-8.392462E-07
0.2197241,-8.392462E-07,0.2197241,-1.846342E-06
0.2201896,-9.567407E-06,0.2201896,-3.356985E-07
0.2206552,-1.963836E-05,0.2206552,-1.846342E-06
0.2211207,-3.071641E-05,0.2211207,-4.196231E-06
0.2215862,-3.675899E-05,0.2215862,-4.196231E-06
0.2220517,-3.23949E-05,0.2220517,-2.349889E-06
0.2225172,-1.913481E-05,0.2225172,-2.853437E-06
0.2229827,-6.54612E-06,0.2229827,-5.539025E-06
0.2234483,1.510643E-06,0.2234483,-8.560311E-06
0.2239138,7.888914E-06,0.2239138,-1.09102E-05
0.2243793,2.131685E-05,0.2243793,-1.15816E-05
0.2248448,3.877317E-05,0.2248448,-9.567407E-06
0.2253103,5.069047E-05,0.2253103,-6.54612E-06
0.2257759,5.4551E-05,0.2257759,-4.867628E-06
0.2262414,4.817273E-05,0.2262414,-4.36408E-06
0.2267069,3.20592E-05,0.2267069,-4.36408E-06
0.2271724,2.030976E-05,0.2271724,-4.867628E-06
0.2276379,1.913481E-05,0.2276379,-4.196231E-06
0.2281034,1.628138E-05,0.2281034,-1.678492E-07
0.228569,7.888914E-06,0.228569,3.860533E-06
0.2290345,-4.531929E-06,0.2290345,5.539025E-06
0.2295,-1.829557E-05,0.2295,5.203327E-06
0.2299655,-2.769513E-05,0.2299655,3.021286E-06
0.230431,-2.635233E-05,0.230431,2.517739E-06
0.2308965,-1.913481E-05,0.2308965,3.524834E-06
0.2313621,-1.393149E-05,0.2313621,5.203327E-06
0.2318276,-8.89601E-06,0.2318276,1.15816E-05
0.2322931,-5.539025E-06,0.2322931,2.064546E-05
0.2327586,-5.203327E-06,0.2327586,2.652018E-05
0.2332241,-6.54612E-06,0.2332241,2.500954E-05
0.2336897,-6.881819E-06,0.2336897,1.728847E-05
0.2341552,-1.05745E-05,0.2341552,3.021286E-06
0.2346207,-1.359579E-05,0.2346207,-1.359579E-05
0.2350862,-1.19173E-05,0.2350862,-2.131685E-05
0.2355517,-4.196231E-06,0.2355517,-1.795987E-05
0.2360172,4.36408E-06,0.2360172,-1.326009E-05
0.2364828,7.217518E-06,0.2364828,-1.594568E-05
0.2369483,2.517739E-06,0.2369483,-2.265965E-05
0.2374138,-2.18204E-06,0.2374138,-2.534523E-05
0.2378793,2.18204E-06,0.2378793,-2.098116E-05
0.2383448,8.560311E-06,0.2383448,-1.376364E-05
0.2388103,7.888914E-06,0.2388103,-6.881819E-06
0.2392759,-3.021286E-06,0.2392759,-3.021286E-06
0.2397414,-2.870222E-05,0.2397414,-4.196231E-06
0.2402069,-7.032883E-05,0.2402069,-6.881819E-06
0.2406724,-0.0001077592,0.2406724,-9.735256E-06
0.2411379,-0.0001089342,0.2411379,-9.063859E-06
0.2416034,-7.838559E-05,0.2416034,-5.874723E-06
0.242069,-4.380865E-05,0.242069,-3.524834E-06
0.2425345,-1.762417E-05,0.2425345,-3.524834E-06
0.243,2.517739E-06,0.243,-2.18204E-06
0.2434655,9.567407E-06,0.2434655,-1.678492E-07
0.243931,-4.531929E-06,0.243931,5.035477E-07
0.2443966,-2.735943E-05,0.2443966,2.18204E-06
0.2448621,-3.440909E-05,0.2448621,2.517739E-06
0.2453276,-2.24918E-05,0.2453276,2.853437E-06
0.2457931,-8.89601E-06,0.2457931,2.517739E-06
0.2462586,-3.524834E-06,0.2462586,3.189136E-06
0.2467241,-4.196231E-06,0.2467241,3.021286E-06
0.2471897,-6.881819E-06,0.2471897,2.18204E-06
0.2476552,-1.09102E-05,0.2476552,3.860533E-06
0.2481207,-3.021286E-06,0.2481207,9.231709E-06
0.2485862,1.577783E-05,0.2485862,1.292439E-05
0.2490517,2.601663E-05,0.2490517,1.242084E-05
0.2495172,1.661708E-05,0.2495172,6.881819E-06
0.2499828,-2.853437E-06,0.2499828,-1.678492E-07
0.2504483,-1.695277E-05,0.2504483,-6.042573E-06
0.2509138,-1.628138E-05,0.2509138,-1.02388E-05
0.2513793,1.02388E-05,0.2513793,-1.09102E-05
0.2518448,4.414435E-05,0.2518448,-8.224612E-06
0.2523103,6.562905E-05,0.2523103,-3.189136E-06
0.2527758,6.797894E-05,0.2527758,2.18204E-06
0.2532414,5.958648E-05,0.2532414,4.36408E-06
0.2537069,4.582284E-05,0.2537069,3.524834E-06
0.2541724,3.071641E-05,0.2541724,-8.392462E-07
0.2546379,1.661708E-05,0.2546379,-5.203327E-06
0.2551034,-1.678492E-07,0.2551034,-8.89601E-06
0.255569,-2.333104E-05,0.255569,-1.19173E-05
0.2560345,-4.867628E-05,0.2560345,-9.903105E-06
0.2565,-6.260777E-05,0.2565,-4.196231E-06
0.2569655,-5.757229E-05,0.2569655,-8.392462E-07
0.257431,-3.709468E-05,0.257431,-1.510643E-06
0.2578965,-1.510643E-05,0.2578965,-5.539025E-06
0.2583621,-1.174945E-06,0.2583621,-6.210422E-06
0.2588276,8.89601E-06,0.2588276,-1.846342E-06
0.2592931,1.493858E-05,0.2592931,3.524834E-06
0.2597586,1.493858E-05,0.2597586,3.860533E-06
0.2602241,1.19173E-05,0.2602241,2.18204E-06
0.2606896,7.553216E-06,0.2606896,1.174945E-06
0.2611552,2.517739E-06,0.2611552,1.678492E-07
0.2616207,5.035477E-07,0.2616207,-1.678492E-07
0.2620862,2.517739E-06,0.2620862,8.392462E-07
0.2625517,3.860533E-06,0.2625517,2.18204E-06
0.2630172,-8.392462E-07,0.2630172,3.189136E-06
0.2634827,-8.560311E-06,0.2634827,5.874723E-06
0.2639483,-1.560998E-05,0.2639483,6.54612E-06
0.2644138,-1.560998E-05,0.2644138,1.678492E-06
0.2648793,-3.189136E-06,0.2648793,-4.196231E-06
0.2653448,6.54612E-06,0.2653448,-9.567407E-06
0.2658103,-5.539025E-06,0.2658103,-1.577783E-05
0.2662759,-3.105211E-05,0.2662759,-1.829557E-05
0.2667414,-3.944457E-05,0.2667414,-1.560998E-05
0.2672069,-3.138781E-05,0.2672069,-1.326009E-05
0.2676724,-1.426719E-05,0.2676724,-1.225299E-05
0.2681379,2.517739E-06,0.2681379,-8.224612E-06
0.2686034,1.359579E-05,0.2686034,-2.853437E-06
0.269069,1.863127E-05,0.269069,-1.007095E-06
0.2695345,2.18204E-05,0.2695345,-6.713969E-07
0.27,2.400244E-05,0.27,1.174945E-06
0.2704655,2.165255E-05,0.2704655,2.853437E-06
0.270931,1.02388E-05,0.270931,5.035477E-06
0.2713965,-4.867628E-06,0.2713965,3.860533E-06
0.2718621,-1.795987E-05,0.2718621,-1.678492E-07
0.2723276,-1.930266E-05,0.2723276,-2.18204E-06
0.2727931,-1.493858E-05,0.2727931,-1.007095E-06
0.2732586,-1.326009E-05,0.2732586,1.174945E-06
0.2737241,-1.393149E-05,0.2737241,5.035477E-07
0.2741897,-1.326009E-05,0.2741897,-2.853437E-06
0.2746552,-1.15816E-05,0.2746552,-7.553216E-06
0.2751207,-1.02388E-05,0.2751207,-6.210422E-06
0.2755862,-9.903105E-06,0.2755862,-2.18204E-06
0.2760517,-1.107805E-05,0.2760517,-1.510643E-06
0.2765172,-1.225299E-05,0.2765172,-1.846342E-06
0.2769828,-9.567407E-06,0.2769828,-3.524834E-06
0.2774483,-7.888914E-06,0.2774483,-4.531929E-06
0.2779138,-1.242084E-05,0.2779138,-6.210422E-06
0.2783793,-2.030976E-05,0.2783793,-5.203327E-06
0.2788448,-2.836652E-05,0.2788448,-2.853437E-06
0.2793103,-2.937362E-05,0.2793103,-1.678492E-07
0.2797759,-2.568093E-05,0.2797759,5.035477E-07
0.2802414,-2.098116E-05,0.2802414,5.035477E-07
0.2807069,-1.896696E-05,0.2807069,1.678492E-06
0.2811724,-1.409934E-05,0.2811724,1.846342E-06
0.2816379,-2.853437E-06,0.2816379,-1.678492E-07
0.2821034,9.567407E-06,0.2821034,-1.510643E-06
0.282569,1.762417E-05,0.282569,-8.392462E-07
0.2830345,2.400244E-05,0.2830345,-1.678492E-07
0.2835,3.3402E-05,0.2835,-1.678492E-07
0.2839655,4.246586E-05,0.2839655,-1.174945E-06
0.284431,5.421531E-05,0.284431,-1.174945E-06
0.2848966,6.160067E-05,0.2848966,-8.392462E-07
0.2853621,5.337606E-05,0.2853621,-3.524834E-06
0.2858276,4.078737E-05,0.2858276,-5.874723E-06
0.2862931,3.071641E-05,0.2862931,-5.874723E-06
0.2867586,1.913481E-05,0.2867586,-5.539025E-06
0.2872241,5.874723E-06,0.2872241,-5.539025E-06
0.2876897,-6.881819E-06,0.2876897,-2.349889E-06
0.2881552,-2.232395E-05,0.2881552,-1.846342E-06
0.2886207,-3.30663E-05,0.2886207,-2.18204E-06
0.2890862,-3.810178E-05,0.2890862,5.035477E-07
0.2895517,-4.246586E-05,0.2895517,3.860533E-06
0.2900172,-4.179446E-05,0.2900172,5.874723E-06
0.2904828,-3.541619E-05,0.2904828,5.203327E-06
0.2909483,-3.038071E-05,0.2909483,2.853437E-06
0.2914138,-2.836652E-05,0.2914138,1.174945E-06
0.2918793,-2.467384E-05,0.2918793,-8.392462E-07
0.2923448,-1.913481E-05,0.2923448,-1.846342E-06
0.2928104,-1.15816E-05,0.2928104,-1.510643E-06
0.2932759,-2.517739E-06,0.2932759,-1.678492E-06
0.2937414,3.860533E-06,0.2937414,-1.510643E-06
0.2942069,4.36408E-06,0.2942069,-3.524834E-06
0.2946724,5.203327E-06,0.2946724,-6.881819E-06
0.2951379,1.292439E-05,0.2951379,-6.54612E-06
0.2956035,1.963836E-05,0.2956035,-4.867628E-06
0.296069,1.980621E-05,0.296069,-2.853437E-06
0.2965345,1.393149E-05,0.2965345,8.392462E-07
0.297,7.888914E-06,0.297,1.846342E-06
0.2974655,3.189136E-06,0.2974655,-4.196231E-06
0.297931,5.203327E-06,0.297931,-1.225299E-05
0.2983966,1.846342E-05,0.2983966,-1.863127E-05
0.2988621,3.541619E-05,0.2988621,-1.795987E-05
0.2993276,5.253681E-05,0.2993276,-1.05745E-05
0.2997931,5.891508E-05,0.2997931,-1.678492E-07
0.3002586,4.599069E-05,0.3002586,7.217518E-06
0.3007241,9.231709E-06,0.3007241,6.881819E-06
0.3011897,-3.508049E-05,0.3011897,3.860533E-06
0.3016552,-5.4551E-05,0.3016552,-5.035477E-07
0.3021207,-4.246586E-05,0.3021207,-4.196231E-06
0.3025862,-2.500954E-05,0.3025862,-5.874723E-06
0.3030517,-1.896696E-05,0.3030517,-7.385367E-06
0.3035172,-1.930266E-05,0.3035172,-8.560311E-06
0.3039828,-1.846342E-05,0.3039828,-7.553216E-06
0.3044483,-1.846342E-05,0.3044483,-4.196231E-06
0.3049138,-2.198825E-05,0.3049138,-1.678492E-06
0.3053793,-1.963836E-05,0.3053793,2.18204E-06
0.3058448,-9.063859E-06,0.3058448,5.203327E-06
0.3063103,6.210422E-06,0.3063103,5.203327E-06
0.3067759,2.400244E-05,0.3067759,2.517739E-06
0.3072414,3.440909E-05,0.3072414,-3.189136E-06
0.3077069,2.803082E-05,0.3077069,-9.567407E-06
0.3081724,1.326009E-05,0.3081724,-1.09102E-05
0.3086379,1.007095E-06,0.3086379,-6.881819E-06
0.3091034,-7.553216E-06,0.3091034,-3.524834E-06
0.309569,-1.292439E-05,0.309569,-1.007095E-06
0.3100345,-1.829557E-05,0.3100345,3.860533E-06
0.3105,-2.635233E-05,0.3105,7.553216E-06
0.3109655,-3.743038E-05,0.3109655,7.888914E-06
0.311431,-5.052262E-05,0.311431,8.89601E-06
0.3118965,-5.085832E-05,0.3118965,1.15816E-05
0.3123621,-3.877317E-05,0.3123621,9.063859E-06
0.3128276,-2.098116E-05,0.3128276,2.349889E-06
0.3132931,-8.224612E-06,0.3132931,-3.524834E-06
0.3137586,-8.89601E-06,0.3137586,-8.560311E-06
0.3142241,-1.695277E-05,0.3142241,-1.393149E-05
0.3146896,-1.762417E-05,0.3146896,-1.863127E-05
0.3151552,-1.493858E-05,0.3151552,-2.030976E-05
0.3156207,-1.12459E-05,0.3156207,-1.560998E-05
0.3160862,-5.706874E-06,0.3160862,-5.539025E-06
0.3165517,-1.174945E-06,0.3165517,2.517739E-06
0.3170172,-4.196231E-06,0.3170172,4.531929E-06
0.3174827,-1.393149E-05,0.3174827,1.174945E-06
0.3179483,-2.165255E-05,0.3179483,-2.853437E-06
0.3184138,-2.568093E-05,0.3184138,-4.867628E-06
0.3188793,-2.098116E-05,0.3188793,-3.524834E-06
0.3193448,-1.661708E-05,0.3193448,-2.18204E-06
0.3198103,-1.695277E-05,0.3198103,-5.539025E-06
0.3202758,-1.661708E-05,0.3202758,-9.231709E-06
0.3207414,-1.359579E-05,0.3207414,-8.89601E-06
0.3212069,-9.735256E-06,0.3212069,-7.553216E-06
0.3216724,-1.846342E-06,0.3216724,-7.553216E-06
0.3221379,6.378271E-06,0.3221379,-6.881819E-06
0.3226034,1.09102E-05,0.3226034,-4.867628E-06
0.3230689,1.326009E-05,0.3230689,-2.853437E-06
0.3235345,1.762417E-05,0.3235345,-1.846342E-06
0.324,2.265965E-05,0.324,-8.392462E-07
0.3244655,2.333104E-05,0.3244655,1.174945E-06
0.324931,1.896696E-05,0.324931,1.174945E-06
0.3253965,1.19173E-05,0.3253965,-1.846342E-06
0.3258621,7.553216E-06,0.3258621,-4.867628E-06
0.3263276,2.18204E-06,0.3263276,-3.692683E-06
0.3267931,-1.359579E-05,0.3267931,4.531929E-06
0.3272586,-3.054856E-05,0.3272586,1.19173E-05
0.3277241,-3.659113E-05,0.3277241,1.09102E-05
0.3281896,-2.970932E-05,0.3281896,6.54612E-06
0.3286552,-2.165255E-05,0.3286552,1.007095E-06
0.3291207,-1.040665E-05,0.3291207,-2.517739E-06
0.3295862,7.217518E-06,0.3295862,-4.867628E-06
0.3300517,2.719158E-05,0.3300517,-4.867628E-06
0.3305172,4.548714E-05,0.3305172,-1.510643E-06
0.3309827,5.48867E-05,0.3309827,1.846342E-06
0.3314483,5.354391E-05,0.3314483,5.203327E-06
0.3319138,4.481575E-05,0.3319138,1.05745E-05
0.3323793,3.508049E-05,0.3323793,1.728847E-05
0.3328448,2.333104E-05,0.3328448,1.795987E-05
0.3333103,1.05745E-05,0.3333103,1.426719E-05
0.3337758,-1.510643E-06,0.3337758,1.02388E-05
0.3342414,-1.225299E-05,0.3342414,4.196231E-06
0.3347069,-1.762417E-05,0.3347069,-6.210422E-06
0.3351724,-1.728847E-05,0.3351724,-1.460288E-05
0.3356379,-1.695277E-05,0.3356379,-1.225299E-05
0.3361034,-2.131685E-05,0.3361034,-5.035477E-06
0.336569,-2.165255E-05,0.336569,-5.539025E-06
0.3370345,-1.527428E-05,0.3370345,-1.258869E-05
0.3375,-1.225299E-05,0.3375,-1.560998E-05
0.3379655,-1.225299E-05,0.3379655,-1.359579E-05
0.338431,-9.567407E-06,0.338431,-1.15816E-05
0.3388965,-8.89601E-06,0.3388965,-9.567407E-06
0.3393621,-2.165255E-05,0.3393621,-9.231709E-06
0.3398276,-3.138781E-05,0.3398276,-6.881819E-06
0.3402931,-1.980621E-05,0.3402931,-4.867628E-06
0.3407586,-1.510643E-06,0.3407586,-2.18204E-06
0.3412241,7.888914E-06,0.3412241,5.035477E-07
0.3416896,9.567407E-06,0.3416896,-1.678492E-07
0.3421552,5.203327E-06,0.3421552,-8.392462E-07
0.3426207,-3.189136E-06,0.3426207,1.846342E-06
0.3430862,-4.867628E-06,0.3430862,5.874723E-06
0.3435517,-1.174945E-06,0.3435517,5.203327E-06
0.3440172,2.517739E-06,0.3440172,1.174945E-06
0.3444827,5.035477E-07,0.3444827,-2.517739E-06
0.3449483,-8.224612E-06,0.3449483,-5.035477E-06
0.3454138,-1.426719E-05,0.3454138,-8.224612E-06
0.3458793,-9.063859E-06,0.3458793,-1.107805E-05
0.3463448,-3.524834E-06,0.3463448,-1.292439E-05
0.3468103,-5.203327E-06,0.3468103,-1.15816E-05
0.3472759,-9.567407E-06,0.3472759,-9.063859E-06
0.3477414,-1.15816E-05,0.3477414,-7.553216E-06
0.3482069,-1.560998E-05,0.3482069,-7.217518E-06
0.3486724,-1.846342E-05,0.3486724,-5.539025E-06
0.3491379,-1.040665E-05,0.3491379,-1.846342E-06
0.3496034,3.692683E-06,0.3496034,-1.510643E-06
0.350069,1.628138E-05,0.350069,-2.18204E-06
0.3505345,2.937362E-05,0.3505345,-1.174945E-06
0.351,4.615854E-05,0.351,1.174945E-06
0.3514655,5.790799E-05,0.3514655,2.517739E-06
0.351931,5.958648E-05,0.351931,2.517739E-06
0.3523965,5.085832E-05,0.3523965,2.18204E-06
0.3528621,2.836652E-05,0.3528621,5.035477E-07
0.3533276,-7.217518E-06,0.3533276,-1.678492E-06
0.3537931,-5.152972E-05,0.3537931,-4.867628E-06
0.3542586,-7.637141E-05,0.3542586,-9.567407E-06
0.3547241,-6.327916E-05,0.3547241,-1.225299E-05
0.3551897,-3.776608E-05,0.3551897,-1.040665E-05
0.3556552,-2.903792E-05,0.3556552,-8.224612E-06
0.3561207,-3.189136E-05,0.3561207,-5.706874E-06
0.3565862,-3.30663E-05,0.3565862,-2.853437E-06
0.3570517,-3.172351E-05,0.3570517,-1.678492E-07
0.3575172,-2.903792E-05,0.3575172,3.189136E-06
0.3579828,-2.702373E-05,0.3579828,6.54612E-06
0.3584483,-2.584878E-05,0.3584483,8.89601E-06
0.3589138,-2.702373E-05,0.3589138,6.54612E-06
0.3593793,-2.366674E-05,0.3593793,3.860533E-06
0.3598448,-1.829557E-05,0.3598448,2.18204E-06
0.3603103,-1.560998E-05,0.3603103,-1.510643E-06
0.3607759,-1.292439E-05,0.3607759,-2.18204E-06
0.3612414,-7.217518E-06,0.3612414,5.035477E-07
0.3617069,-1.678492E-07,0.3617069,3.189136E-06
0.3621724,9.567407E-06,0.3621724,7.217518E-06
0.3626379,2.769513E-05,0.3626379,9.903105E-06
0.3631034,4.011597E-05,0.3631034,7.049668E-06
0.363569,4.263371E-05,0.363569,2.18204E-06
0.3640345,4.750134E-05,0.3640345,-1.678492E-07
0.3645,5.757229E-05,0.3645,-1.174945E-06
0.3649655,6.663615E-05,0.3649655,-4.531929E-06
0.365431,7.301442E-05,0.365431,-7.049668E-06
0.3658966,7.335011E-05,0.3658966,-7.888914E-06
0.3663621,6.009003E-05,0.3663621,-6.881819E-06
0.3668276,3.121996E-05,0.3668276,-4.531929E-06
0.3672931,-6.210422E-06,0.3672931,-1.846342E-06
0.3677586,-3.172351E-05,0.3677586,-5.035477E-07
0.3682241,-3.390555E-05,0.3682241,-2.18204E-06
0.3686897,-1.896696E-05,0.3686897,-5.035477E-06
0.3691552,-1.678492E-06,0.3691552,-9.903105E-06
0.3696207,9.231709E-06,0.3696207,-1.359579E-05
0.3700862,1.242084E-05,0.3700862,-1.225299E-05
0.3705517,1.12459E-05,0.3705517,-1.05745E-05
0.3710172,8.392462E-06,0.3710172,-1.174945E-05
0.3714828,3.860533E-06,0.3714828,-1.292439E-05
0.3719483,-3.860533E-06,0.3719483,-1.460288E-05
0.3724138,-1.359579E-05,0.3724138,-1.460288E-05
0.3728793,-1.896696E-05,0.3728793,-9.567407E-06
0.3733448,-2.769513E-05,0.3733448,-3.524834E-06
0.3738104,-5.220111E-05,0.3738104,5.035477E-07
0.3742759,-9.013504E-05,0.3742759,2.349889E-06
0.3747414,-0.0001149767,0.3747414,-1.678492E-07
0.3752069,-0.0001082628,0.3752069,-6.378271E-06
0.3756724,-8.358892E-05,0.3756724,-1.309224E-05
0.3761379,-6.126497E-05,0.3761379,-1.460288E-05
0.3766035,-4.582284E-05,0.3766035,-7.217518E-06
0.377069,-3.40734E-05,0.377069,1.007095E-06
0.3775345,-2.870222E-05,0.3775345,5.203327E-06
0.378,-2.635233E-05,0.378,7.888914E-06
0.3784655,-1.812772E-05,0.3784655,1.19173E-05
0.378931,5.035477E-07,0.378931,1.594568E-05
0.3793966,1.997406E-05,0.3793966,1.393149E-05
0.3798621,2.517739E-05,0.3798621,4.867628E-06
0.3803276,2.030976E-05,0.3803276,-5.706874E-06
0.3807931,2.265965E-05,0.3807931,-1.225299E-05
0.3812586,3.440909E-05,0.3812586,-1.225299E-05
0.3817241,4.36408E-05,0.3817241,-1.09102E-05
0.3821897,4.078737E-05,0.3821897,-9.567407E-06
0.3826552,2.400244E-05,0.3826552,-9.567407E-06
0.3831207,9.735256E-06,0.3831207,-6.210422E-06
0.3835862,5.203327E-06,0.3835862,1.846342E-06
0.3840517,2.517739E-06,0.3840517,6.210422E-06
0.3845172,1.174945E-06,0.3845172,3.189136E-06
0.3849828,5.539025E-06,0.3849828,-2.18204E-06
0.3854483,1.527428E-05,0.3854483,-5.539025E-06
0.3859138,2.265965E-05,0.3859138,-3.356985E-06
0.3863793,2.534523E-05,0.3863793,3.189136E-06
0.3868448,2.232395E-05,0.3868448,7.721065E-06
0.3873103,8.728161E-06,0.3873103,7.888914E-06
0.3877759,-4.531929E-06,0.3877759,3.692683E-06
0.3882414,-4.867628E-06,0.3882414,2.18204E-06
0.3887069,5.035477E-07,0.3887069,2.853437E-06
0.3891724,2.853437E-06,0.3891724,3.860533E-06
0.3896379,4.196231E-06,0.3896379,4.531929E-06
0.3901034,7.888914E-06,0.3901034,2.517739E-06
0.390569,7.888914E-06,0.390569,-8.392462E-07
0.3910345,1.510643E-06,0.3910345,-3.692683E-06
0.3915,-6.881819E-06,0.3915,-7.217518E-06
0.3919655,-5.874723E-06,0.3919655,-1.05745E-05
0.392431,8.560311E-06,0.392431,-1.225299E-05
0.3928965,2.18204E-05,0.3928965,-1.225299E-05
0.3933621,2.400244E-05,0.3933621,-1.09102E-05
0.3938276,2.265965E-05,0.3938276,-6.881819E-06
0.3942931,1.997406E-05,0.3942931,-2.853437E-06
0.3947586,9.903105E-06,0.3947586,1.174945E-06
0.3952241,-6.210422E-06,0.3952241,3.524834E-06
0.3956896,-2.299535E-05,0.3956896,3.860533E-06
0.3961552,-4.213016E-05,0.3961552,2.18204E-06
0.3966207,-5.992218E-05,0.3966207,-1.678492E-07
0.3970862,-7.536431E-05,0.3970862,-8.392462E-07
0.3975517,-7.066453E-05,0.3975517,-2.014191E-06
0.3980172,-4.716563E-05,0.3980172,-2.18204E-06
0.3984827,-2.467384E-05,0.3984827,-1.678492E-07
0.3989483,-1.560998E-05,0.3989483,3.860533E-06
0.3994138,-1.560998E-05,0.3994138,5.203327E-06
0.3998793,-1.05745E-05,0.3998793,4.196231E-06
0.4003448,-2.18204E-06,0.4003448,3.356985E-06
0.4008103,8.392462E-07,0.4008103,4.867628E-06
0.4012758,-2.18204E-06,0.4012758,3.860533E-06
0.4017414,-8.224612E-06,0.4017414,-1.174945E-06
0.4022069,-1.376364E-05,0.4022069,-7.217518E-06
0.4026724,-1.225299E-05,0.4026724,-7.553216E-06
0.4031379,-7.217518E-06,0.4031379,-2.18204E-06
0.4036034,-5.539025E-06,0.4036034,2.517739E-06
0.4040689,-1.02388E-05,0.4040689,3.860533E-06
0.4045345,-2.165255E-05,0.4045345,2.349889E-06
0.405,-3.37377E-05,0.405,2.517739E-06
0.4054655,-3.944457E-05,0.4054655,2.517739E-06
0.405931,-4.011597E-05,0.405931,-1.678492E-07
0.4063965,-4.414435E-05,0.4063965,-4.531929E-06
0.4068621,-5.421531E-05,0.4068621,-4.867628E-06
0.4073276,-5.690089E-05,0.4073276,-2.517739E-06
0.4077931,-4.666209E-05,0.4077931,-3.524834E-06
0.4082586,-2.668803E-05,0.4082586,-8.89601E-06
0.4087241,-4.196231E-06,0.4087241,-1.493858E-05
0.4091896,1.947051E-05,0.4091896,-1.594568E-05
0.4096552,3.927672E-05,0.4096552,-1.292439E-05
0.4101207,5.085832E-05,0.4101207,-7.553216E-06
0.4105862,5.824369E-05,0.4105862,-1.678492E-06
0.4110517,6.327916E-05,0.4110517,2.517739E-06
0.4115172,6.596475E-05,0.4115172,4.531929E-06
0.4119827,6.562905E-05,0.4119827,2.014191E-06
0.4124483,7.032883E-05,0.4124483,-1.678492E-06
0.4129138,8.845655E-05,0.4129138,-4.196231E-06
0.4133793,0.0001085985,0.4133793,1.174945E-06
0.4138448,0.000103563,0.4138448,6.54612E-06
0.4143103,7.133593E-05,0.4143103,7.217518E-06
0.4147758,3.675899E-05,0.4147758,3.524834E-06
0.4152414,1.795987E-05,0.4152414,-3.021286E-06
0.4157069,7.888914E-06,0.4157069,-1.326009E-05
0.4161724,1.174945E-06,0.4161724,-2.165255E-05
0.4166379,-7.721065E-06,0.4166379,-2.030976E-05
0.4171034,-2.265965E-05,0.4171034,-1.225299E-05
0.417569,-3.877317E-05,0.417569,-4.867628E-06
0.4180345,-4.515145E-05,0.4180345,-3.356985E-07
0.4185,-3.978027E-05,0.4185,2.853437E-06
0.4189655,-3.508049E-05,0.4189655,5.539025E-06
0.419431,-3.776608E-05,0.419431,8.392462E-06
0.4198965,-4.179446E-05,0.4198965,1.107805E-05
0.4203621,-3.743038E-05,0.4203621,1.09102E-05
0.4208276,-2.333104E-05,0.4208276,1.05745E-05
0.4212931,-8.560311E-06,0.4212931,6.881819E-06
0.4217586,-3.356985E-07,0.4217586,-1.678492E-07
0.4222241,-1.678492E-06,0.4222241,-7.217518E-06
0.4226896,-9.567407E-06,0.4226896,-1.05745E-05
0.4231552,-1.997406E-05,0.4231552,-1.426719E-05
0.4236207,-2.635233E-05,0.4236207,-1.527428E-05
0.4240862,-2.803082E-05,0.4240862,-1.460288E-05
0.4245517,-3.105211E-05,0.4245517,-1.242084E-05
0.4250172,-3.440909E-05,0.4250172,-9.735256E-06
0.4254827,-2.920577E-05,0.4254827,-7.217518E-06
0.4259483,-1.795987E-05,0.4259483,-4.867628E-06
0.4264138,-6.210422E-06,0.4264138,-4.867628E-06
0.4268793,6.881819E-06,0.4268793,-4.196231E-06
0.4273448,2.047761E-05,0.4273448,-3.524834E-06
0.4278103,2.735943E-05,0.4278103,-4.531929E-06
0.4282759,2.500954E-05,0.4282759,-4.867628E-06
0.4287414,1.460288E-05,0.4287414,-4.867628E-06
0.4292069,-8.560311E-06,0.4292069,-5.874723E-06
0.4296724,-4.515145E-05,0.4296724,-4.867628E-06
0.4301379,-7.821774E-05,0.4301379,-1.678492E-07
0.4306034,-8.006408E-05,0.4306034,4.867628E-06
0.431069,-5.186542E-05,0.431069,7.888914E-06
0.4315345,-2.568093E-05,0.4315345,8.560311E-06
0.432,-1.594568E-05,0.432,7.888914E-06
0.4324655,-1.242084E-05,0.4324655,4.867628E-06
0.432931,-5.539025E-06,0.432931,-1.174945E-06
0.4333965,8.392462E-07,0.4333965,-7.553216E-06
0.4338621,2.853437E-06,0.4338621,-9.567407E-06
0.4343276,5.874723E-06,0.4343276,-5.539025E-06
0.4347931,8.560311E-06,0.4347931,5.035477E-07
0.4352586,1.02388E-05,0.4352586,3.860533E-06
0.4357241,1.09102E-05,0.4357241,4.867628E-06
0.4361897,1.225299E-05,0.4361897,4.867628E-06
0.4366552,1.393149E-05,0.4366552,2.853437E-06
0.4371207,1.930266E-05,0.4371207,2.517739E-06
0.4375862,3.071641E-05,0.4375862,3.189136E-06
0.4380517,4.481575E-05,0.4380517,6.54612E-06
0.4385172,5.740444E-05,0.4385172,1.19173E-05
0.4389828,5.958648E-05,0.4389828,1.225299E-05
0.4394483,5.085832E-05,0.4394483,5.539025E-06
0.4399138,2.769513E-05,0.4399138,-4.867628E-06
0.4403793,-9.567407E-06,0.4403793,-1.292439E-05
0.4408448,-4.145876E-05,0.4408448,-1.762417E-05
0.4413103,-4.515145E-05,0.4413103,-1.560998E-05
0.4417759,-3.105211E-05,0.4417759,-7.888914E-06
0.4422414,-2.030976E-05,0.4422414,5.035477E-07
0.4427069,-2.232395E-05,0.4427069,3.860533E-06
0.4431724,-2.433814E-05,0.4431724,2.18204E-06
0.4436379,-1.795987E-05,0.4436379,2.18204E-06
0.4441034,-1.493858E-05,0.4441034,1.846342E-06
0.444569,-1.779202E-05,0.444569,-1.510643E-06
0.4450345,-2.165255E-05,0.4450345,-5.203327E-06
0.4455,-2.702373E-05,0.4455,-7.217518E-06
0.4459655,-3.30663E-05,0.4459655,-8.560311E-06
0.446431,-3.172351E-05,0.446431,-8.224612E-06
0.4468966,-2.769513E-05,0.4468966,-8.560311E-06
0.4473621,-2.299535E-05,0.4473621,-7.553216E-06
0.4478276,-1.225299E-05,0.4478276,-4.196231E-06
0.4482931,-8.392462E-07,0.4482931,-2.18204E-06
0.4487586,5.203327E-06,0.4487586,-2.18204E-06
0.4492241,5.203327E-06,0.4492241,-2.853437E-06
0.4496897,2.853437E-06,0.4496897,-3.189136E-06
0.4501552,-1.846342E-06,0.4501552,-3.860533E-06
0.4506207,-2.853437E-06,0.4506207,5.035477E-07
0.4510862,1.678492E-06,0.4510862,7.049668E-06
0.4515517,7.217518E-06,0.4515517,8.224612E-06
0.4520172,9.903105E-06,0.4520172,4.867628E-06
0.4524828,2.517739E-06,0.4524828,1.174945E-06
0.4529483,-1.527428E-05,0.4529483,-2.517739E-06
0.4534138,-2.937362E-05,0.4534138,-4.531929E-06
0.4538793,-2.433814E-05,0.4538793,-4.196231E-06
0.4543448,-1.05745E-05,0.4543448,-4.196231E-06
0.4548103,-1.510643E-06,0.4548103,-4.196231E-06
0.4552759,-1.678492E-07,0.4552759,-4.36408E-06
0.4557414,5.035477E-07,0.4557414,-3.692683E-06
0.4562069,1.174945E-06,0.4562069,-4.867628E-06
0.4566724,4.867628E-06,0.4566724,-7.553216E-06
0.4571379,1.05745E-05,0.4571379,-7.553216E-06
0.4576034,1.258869E-05,0.4576034,-5.539025E-06
0.458069,1.15816E-05,0.458069,-3.524834E-06
0.4585345,8.560311E-06,0.4585345,-2.014191E-06
0.459,4.196231E-06,0.459,1.174945E-06
0.4594655,8.392462E-07,0.4594655,3.692683E-06
0.459931,2.349889E-06,0.459931,5.035477E-07
0.4603965,6.54612E-06,0.4603965,-3.356985E-06
0.4608621,1.326009E-05,0.4608621,-6.210422E-06
0.4613276,2.870222E-05,0.4613276,-5.539025E-06
0.4617931,4.884413E-05,0.4617931,-1.510643E-06
0.4622586,6.697185E-05,0.4622586,4.867628E-06
0.4627241,7.570001E-05,0.4627241,1.05745E-05
0.4631896,8.308538E-05,0.4631896,1.225299E-05
0.4636552,7.637141E-05,0.4636552,8.392462E-06
0.4641207,4.179446E-05,0.4641207,2.18204E-06
0.4645862,-3.021286E-06,0.4645862,-2.853437E-06
0.4650517,-3.826963E-05,0.4650517,-8.560311E-06
0.4655172,-5.958648E-05,0.4655172,-1.09102E-05
0.4659827,-6.999313E-05,0.4659827,-7.888914E-06
0.4664483,-7.133593E-05,0.4664483,-7.217518E-06
0.4669138,-6.294347E-05,0.4669138,-1.02388E-05
0.4673793,-4.917983E-05,0.4673793,-1.12459E-05
0.4678448,-4.917983E-05,0.4678448,-1.15816E-05
0.4683103,-5.203327E-05,0.4683103,-9.567407E-06
0.4687758,-2.735943E-05,0.4687758,-4.867628E-06
0.4692414,1.258869E-05,0.4692414,1.678492E-07
0.4697069,3.138781E-05,0.4697069,2.517739E-06
0.4701724,3.20592E-05,0.4701724,5.539025E-06
0.4706379,3.27306E-05,0.4706379,4.36408E-06
0.4711034,2.400244E-05,0.4711034,-3.692683E-06
0.4715689,1.174945E-06,0.4715689,-1.527428E-05
0.4720345,-2.366674E-05,0.4720345,-2.030976E-05
0.4725,-4.313725E-05,0.4725,-1.728847E-05
0.4729655,-5.119402E-05,0.4729655,-1.19173E-05
0.473431,-4.615854E-05,0.473431,-7.049668E-06
0.4738965,-3.776608E-05,0.4738965,-5.539025E-06
0.474362,-3.071641E-05,0.474362,-6.54612E-06
0.4748276,-2.366674E-05,0.4748276,-4.531929E-06
0.4752931,-1.594568E-05,0.4752931,-8.392462E-07
0.4757586,-1.05745E-05,0.4757586,5.035477E-07
0.4762241,-8.560311E-06,0.4762241,-8.392462E-07
0.4766896,-8.560311E-06,0.4766896,-2.349889E-06
0.4771551,-1.225299E-05,0.4771551,-3.860533E-06
0.4776207,-1.510643E-05,0.4776207,-2.853437E-06
0.4780862,-1.326009E-05,0.4780862,-8.392462E-07
0.4785517,-9.063859E-06,0.4785517,1.007095E-06
0.4790172,-7.721065E-06,0.4790172,2.853437E-06
0.4794827,-1.02388E-05,0.4794827,4.867628E-06
0.4799483,-1.762417E-05,0.4799483,3.860533E-06
0.4804138,-2.987716E-05,0.4804138,1.846342E-06
0.4808793,-3.474479E-05,0.4808793,1.846342E-06
0.4813448,-3.004501E-05,0.4813448,5.203327E-06
0.4818103,-2.24918E-05,0.4818103,9.567407E-06
0.4822758,-1.225299E-05,0.4822758,7.888914E-06
0.4827414,3.692683E-06,0.4827414,5.035477E-07
0.4832069,1.728847E-05,0.4832069,-6.881819E-06
0.4836724,2.836652E-05,0.4836724,-8.89601E-06
0.4841379,4.145876E-05,0.4841379,-4.867628E-06
0.4846034,5.354391E-05,0.4846034,-1.678492E-07
0.4850689,5.807584E-05,0.4850689,1.846342E-06
0.4855345,5.035477E-05,0.4855345,1.174945E-06
0.486,3.675899E-05,0.486,1.174945E-06
0.4864655,2.333104E-05,0.4864655,2.517739E-06
0.486931,1.795987E-05,0.486931,4.531929E-06
0.4873965,1.712062E-05,0.4873965,4.531929E-06
0.4878621,1.05745E-05,0.4878621,8.392462E-07
0.4883276,3.860533E-06,0.4883276,-1.846342E-06
0.4887931,-4.867628E-06,0.4887931,-2.014191E-06
0.4892586,-1.829557E-05,0.4892586,-1.174945E-06
0.4897241,-2.903792E-05,0.4897241,-2.18204E-06
0.4901896,-3.105211E-05,0.4901896,-2.853437E-06
0.4906552,-2.769513E-05,0.4906552,-2.853437E-06
0.4911207,-1.829557E-05,0.4911207,-2.853437E-06
0.4915862,-4.531929E-06,0.4915862,-1.678492E-07
0.4920517,1.15816E-05,0.4920517,2.853437E-06
0.4925172,2.635233E-05,0.4925172,5.874723E-06
0.4929827,3.541619E-05,0.4929827,8.728161E-06
0.4934483,3.3402E-05,0.4934483,1.19173E-05
0.4939138,2.500954E-05,0.4939138,1.376364E-05
0.4943793,1.930266E-05,0.4943793,1.460288E-05
0.4948448,1.393149E-05,0.4948448,1.258869E-05
0.4953103,8.560311E-06,0.4953103,7.553216E-06
0.4957758,6.210422E-06,0.4957758,3.189136E-06
0.4962414,3.189136E-06,0.4962414,-1.510643E-06
0.4967069,-8.224612E-06,0.4967069,-9.903105E-06
0.4971724,-2.232395E-05,0.4971724,-1.863127E-05
0.4976379,-3.004501E-05,0.4976379,-2.165255E-05
0.4981034,-2.870222E-05,0.4981034,-1.997406E-05
0.498569,-2.047761E-05,0.498569,-1.493858E-05
0.4990345,-1.292439E-05,0.4990345,-1.12459E-05
0.4995,-8.224612E-06,0.4995,-1.02388E-05
0.4999655,-3.692683E-06,0.4999655,-1.09102E-05
0.500431,-3.524834E-06,0.500431,-1.258869E-05
0.5008965,-1.09102E-05,0.5008965,-1.258869E-05
0.5013621,-1.963836E-05,0.5013621,-1.12459E-05
0.5018276,-2.064546E-05,0.5018276,-8.224612E-06
0.5022931,-1.695277E-05,0.5022931,-3.021286E-06
0.5027586,-1.309224E-05,0.5027586,1.174945E-06
0.5032241,-9.903105E-06,0.5032241,-1.510643E-06
0.5036896,-8.224612E-06,0.5036896,-5.539025E-06
0.5041552,-5.874723E-06,0.5041552,-6.881819E-06
0.5046207,2.517739E-06,0.5046207,-3.524834E-06
0.5050862,1.326009E-05,0.5050862,-1.678492E-07
0.5055517,1.829557E-05,0.5055517,2.517739E-06
0.5060172,2.517739E-05,0.5060172,5.539025E-06
0.5064827,3.608759E-05,0.5064827,6.881819E-06
0.5069483,3.944457E-05,0.5069483,3.524834E-06
0.5074138,4.112306E-05,0.5074138,-2.18204E-06
0.5078793,3.793393E-05,0.5078793,-4.196231E-06
0.5083448,1.02388E-05,0.5083448,-2.517739E-06
0.5088103,-4.448005E-05,0.5088103,-8.392462E-07
0.5092759,-8.442817E-05,0.5092759,1.174945E-06
0.5097414,-7.435722E-05,0.5097414,1.174945E-06
0.5102069,-3.810178E-05,0.5102069,-8.392462E-07
0.5106724,-1.02388E-05,0.5106724,-1.678492E-07
0.5111379,-2.853437E-06,0.5111379,1.510643E-06
0.5116034,-1.493858E-05,0.5116034,5.035477E-07
0.5120689,-3.508049E-05,0.5120689,-1.846342E-06
0.5125345,-3.978027E-05,0.5125345,-2.18204E-06
0.513,-1.795987E-05,0.513,-1.678492E-07
0.5134655,3.189136E-06,0.5134655,3.021286E-06
0.513931,8.89601E-06,0.513931,5.035477E-06
0.5143965,-6.210422E-06,0.5143965,5.035477E-06
0.5148621,-4.179446E-05,0.5148621,3.524834E-06
0.5153276,-6.596475E-05,0.5153276,2.517739E-06
0.5157931,-5.58938E-05,0.5157931,3.356985E-07
0.5162586,-2.937362E-05,0.5162586,-2.517739E-06
0.5167241,-1.15816E-05,0.5167241,-2.18204E-06
0.5171896,2.014191E-06,0.5171896,-1.510643E-06
0.5176551,1.728847E-05,0.5176551,-5.035477E-06
0.5181207,2.903792E-05,0.5181207,-9.567407E-06
0.5185862,3.27306E-05,0.5185862,-1.02388E-05
0.5190517,2.735943E-05,0.5190517,-1.460288E-05
0.5195172,1.527428E-05,0.5195172,-1.930266E-05
0.5199828,2.349889E-06,0.5199828,-1.963836E-05
0.5204483,-6.54612E-06,0.5204483,-1.426719E-05
0.5209138,-1.242084E-05,0.5209138,-8.560311E-06
0.5213793,-1.493858E-05,0.5213793,-2.853437E-06
0.5218448,-1.527428E-05,0.5218448,-8.392462E-07
0.5223103,-1.359579E-05,0.5223103,-4.36408E-06
0.5227758,-8.392462E-06,0.5227758,-8.560311E-06
0.5232413,-2.349889E-06,0.5232413,-1.09102E-05
0.5237069,-1.678492E-07,0.5237069,-1.225299E-05
0.5241724,4.867628E-06,0.5241724,-1.05745E-05
0.5246379,1.863127E-05,0.5246379,-4.867628E-06
0.5251034,2.937362E-05,0.5251034,-1.678492E-07
0.525569,3.004501E-05,0.525569,1.846342E-06
0.5260345,2.400244E-05,0.5260345,1.846342E-06
0.5265,1.628138E-05,0.5265,-5.035477E-07
0.5269655,1.02388E-05,0.5269655,-3.021286E-06
0.527431,5.539025E-06,0.527431,-4.867628E-06
0.5278965,1.174945E-06,0.5278965,-5.035477E-06
0.528362,-2.853437E-06,0.528362,-3.860533E-06
0.5288275,-4.196231E-06,0.5288275,-1.174945E-06
0.5292931,-3.860533E-06,0.5292931,-1.678492E-07
0.5297586,-4.867628E-06,0.5297586,1.174945E-06
0.5302241,-6.210422E-06,0.5302241,2.853437E-06
0.5306897,-5.874723E-06,0.5306897,5.203327E-06
0.5311552,-7.888914E-06,0.5311552,2.18204E-06
0.5316207,-1.05745E-05,0.5316207,-2.853437E-06
0.5320862,-1.02388E-05,0.5320862,-2.18204E-06
0.5325517,-8.89601E-06,0.5325517,1.174945E-06
0.5330172,-7.721065E-06,0.5330172,1.846342E-06
0.5334827,-6.378271E-06,0.5334827,8.392462E-07
0.5339482,-4.867628E-06,0.5339482,-5.035477E-07
0.5344138,-8.224612E-06,0.5344138,-1.510643E-06
0.5348793,-7.553216E-06,0.5348793,1.678492E-07
0.5353448,-2.853437E-06,0.5353448,2.014191E-06
0.5358104,3.356985E-07,0.5358104,1.846342E-06
0.5362759,-1.678492E-07,0.5362759,1.510643E-06
0.5367414,-1.678492E-06,0.5367414,2.853437E-06
0.5372069,-5.539025E-06,0.5372069,1.846342E-06
0.5376724,-5.874723E-06,0.5376724,-1.846342E-06
0.5381379,-2.18204E-06,0.5381379,-3.860533E-06
0.5386034,1.007095E-06,0.5386034,-3.860533E-06
0.5390689,2.18204E-06,0.5390689,-3.189136E-06
0.5395344,2.18204E-06,0.5395344,-2.18204E-06
0.54,3.860533E-06,0.54,-2.853437E-06
0.5404655,4.196231E-06,0.5404655,-5.539025E-06
0.540931,5.874723E-06,0.540931,-7.553216E-06
0.5413966,6.210422E-06,0.5413966,-8.89601E-06
0.5418621,3.860533E-06,0.5418621,-1.02388E-05
0.5423276,2.517739E-06,0.5423276,-7.888914E-06
0.5427931,1.174945E-06,0.5427931,-4.196231E-06
0.5432586,-4.196231E-06,0.5432586,-2.18204E-06
0.5437241,-1.795987E-05,0.5437241,-1.510643E-06
0.5441896,-3.524834E-05,0.5441896,1.007095E-06
0.5446551,-5.4551E-05,0.5446551,-5.035477E-07
0.5451207,-6.327916E-05,0.5451207,-4.36408E-06
0.5455862,-4.884413E-05,0.5455862,-5.539025E-06
0.5460517,-2.299535E-05,0.5460517,-5.539025E-06
0.5465173,-5.874723E-06,0.5465173,-4.867628E-06
0.5469828,-1.174945E-06,0.5469828,-3.189136E-06
0.5474483,-2.517739E-06,0.5474483,-8.392462E-07
0.5479138,-2.18204E-06,0.5479138,2.18204E-06
0.5483793,9.063859E-06,0.5483793,4.531929E-06
0.5488448,2.333104E-05,0.5488448,6.54612E-06
0.5493103,2.836652E-05,0.5493103,9.903105E-06
0.5497758,2.400244E-05,0.5497758,1.040665E-05
0.5502414,1.560998E-05,0.5502414,1.02388E-05
0.5507069,3.860533E-06,0.5507069,1.12459E-05
0.5511724,-2.853437E-06,0.5511724,1.510643E-05
0.5516379,-2.517739E-06,0.5516379,1.712062E-05
0.5521035,-1.678492E-07,0.5521035,1.19173E-05
0.552569,-1.510643E-06,0.552569,1.007095E-06
0.5530345,-4.867628E-06,0.5530345,-8.224612E-06
0.5535,-6.881819E-06,0.5535,-1.258869E-05
0.5539655,-5.706874E-06,0.5539655,-1.292439E-05
0.554431,-1.678492E-07,0.554431,-1.12459E-05
0.5548965,6.210422E-06,0.5548965,-1.326009E-05
0.555362,7.049668E-06,0.555362,-1.795987E-05
0.5558276,5.874723E-06,0.5558276,-1.829557E-05
0.5562931,5.706874E-06,0.5562931,-1.359579E-05
0.5567586,5.035477E-07,0.5567586,-9.567407E-06
0.5572242,-1.393149E-05,0.5572242,-7.888914E-06
0.5576897,-3.038071E-05,0.5576897,-4.531929E-06
0.5581552,-4.246586E-05,0.5581552,-4.867628E-06
0.5586207,-4.112306E-05,0.5586207,-6.881819E-06
0.5590862,-2.970932E-05,0.5590862,-4.196231E-06
0.5595517,-1.980621E-05,0.5595517,5.035477E-07
0.5600172,-1.15816E-05,0.5600172,1.174945E-06
0.5604827,-1.393149E-05,0.5604827,-1.678492E-07
0.5609483,-1.963836E-05,0.5609483,-2.853437E-06
0.5614138,-1.527428E-05,0.5614138,-5.539025E-06
0.5618793,4.531929E-06,0.5618793,-4.196231E-06
0.5623448,2.870222E-05,0.5623448,-1.510643E-06
0.5628104,4.750134E-05,0.5628104,1.678492E-07
0.5632759,5.4551E-05,0.5632759,-1.678492E-07
0.5637414,5.018692E-05,0.5637414,1.678492E-07
0.5642069,3.608759E-05,0.5642069,1.174945E-06
0.5646724,2.333104E-05,0.5646724,3.860533E-06
0.5651379,2.030976E-05,0.5651379,9.231709E-06
0.5656034,1.795987E-05,0.5656034,1.426719E-05
0.5660689,2.517739E-06,0.5660689,1.527428E-05
0.5665345,-2.769513E-05,0.5665345,1.460288E-05
0.567,-6.025788E-05,0.567,1.544213E-05
0.5674655,-8.006408E-05,0.5674655,1.594568E-05
0.567931,-8.509956E-05,0.567931,1.258869E-05
0.5683966,-7.939269E-05,0.5683966,6.54612E-06
0.5688621,-6.54612E-05,0.5688621,2.517739E-06
0.5693276,-4.380865E-05,0.5693276,-1.846342E-06
0.5697931,-2.500954E-05,0.5697931,-1.09102E-05
0.5702586,-5.874723E-06,0.5702586,-1.930266E-05
0.5707241,1.997406E-05,0.5707241,-1.913481E-05
0.5711896,5.069047E-05,0.5711896,-1.560998E-05
0.5716552,6.797894E-05,0.5716552,-1.913481E-05
0.5721207,7.284657E-05,0.5721207,-2.769513E-05
0.5725862,7.637141E-05,0.5725862,-3.30663E-05
0.5730517,7.167162E-05,0.5730517,-3.20592E-05
0.5735172,5.824369E-05,0.5735172,-2.333104E-05
0.5739828,3.944457E-05,0.5739828,-1.225299E-05
0.5744483,1.762417E-05,0.5744483,-4.531929E-06
0.5749138,-1.846342E-06,0.5749138,-4.196231E-06
0.5753793,-1.09102E-05,0.5753793,-2.853437E-06
0.5758448,-1.292439E-05,0.5758448,-2.18204E-06
0.5763103,-1.980621E-05,0.5763103,-1.846342E-06
0.5767758,-4.179446E-05,0.5767758,-3.860533E-06
0.5772414,-7.888914E-05,0.5772414,-5.874723E-06
0.5777069,-9.819181E-05,0.5777069,-4.867628E-06
0.5781724,-7.183947E-05,0.5781724,-1.678492E-07
0.5786379,-2.366674E-05,0.5786379,3.860533E-06
0.5791034,1.493858E-05,0.5791034,2.517739E-06
0.579569,3.810178E-05,0.579569,-2.853437E-06
0.5800345,5.069047E-05,0.5800345,-6.210422E-06
0.5805,5.48867E-05,0.5805,-4.196231E-06
0.5809655,5.253681E-05,0.5809655,-5.035477E-07
0.581431,4.53193E-05,0.581431,4.867628E-06
0.5818965,3.038071E-05,0.5818965,8.89601E-06
0.5823621,1.258869E-05,0.5823621,8.89601E-06
0.5828276,5.203327E-06,0.5828276,1.05745E-05
0.5832931,1.846342E-06,0.5832931,1.393149E-05
0.5837586,-1.225299E-05,0.5837586,1.527428E-05
0.5842241,-2.668803E-05,0.5842241,1.258869E-05
0.5846896,-2.316319E-05,0.5846896,7.217518E-06
0.5851552,-8.89601E-06,0.5851552,2.18204E-06
0.5856207,4.531929E-06,0.5856207,2.18204E-06
0.5860862,1.05745E-05,0.5860862,2.853437E-06
0.5865517,1.242084E-05,0.5865517,2.517739E-06
0.5870172,1.326009E-05,0.5870172,2.853437E-06
0.5874828,1.309224E-05,0.5874828,3.524834E-06
0.5879483,1.275654E-05,0.5879483,2.18204E-06
0.5884138,1.863127E-05,0.5884138,-5.539025E-06
0.5888793,3.944457E-05,0.5888793,-1.292439E-05
0.5893448,5.58938E-05,0.5893448,-1.493858E-05
0.5898103,5.052262E-05,0.5898103,-1.02388E-05
0.5902758,2.467384E-05,0.5902758,-4.196231E-06
0.5907414,-1.359579E-05,0.5907414,1.174945E-06
0.5912069,-6.193637E-05,0.5912069,5.203327E-06
0.5916724,-0.0001064164,0.5916724,4.196231E-06
0.5921379,-0.0001156481,0.5921379,1.678492E-07
0.5926034,-8.677805E-05,0.5926034,-4.36408E-06
0.593069,-5.606165E-05,0.593069,-5.539025E-06
0.5935345,-4.33051E-05,0.5935345,-2.853437E-06
0.594,-3.910887E-05,0.594,-2.517739E-06
0.5944655,-3.23949E-05,0.5944655,-2.517739E-06
0.594931,-2.433814E-05,0.594931,-8.392462E-07
0.5953965,-2.299535E-05,0.5953965,1.174945E-06
0.595862,-2.568093E-05,0.595862,-1.007095E-06
0.5963276,-2.265965E-05,0.5963276,-5.203327E-06
0.5967931,-1.762417E-05,0.5967931,-5.539025E-06
0.5972586,-1.426719E-05,0.5972586,-1.846342E-06
0.5977241,-1.359579E-05,0.5977241,3.860533E-06
0.5981897,-1.376364E-05,0.5981897,5.874723E-06
0.5986552,-1.577783E-05,0.5986552,2.18204E-06
0.5991207,-1.594568E-05,0.5991207,-5.035477E-07
0.5995862,-1.242084E-05,0.5995862,-1.007095E-06
0.6000517,-8.224612E-06,0.6000517,-5.539025E-06
0.6005172,-5.539025E-06,0.6005172,-1.12459E-05
0.6009827,-4.196231E-06,0.6009827,-1.560998E-05
0.6014482,-3.524834E-06,0.6014482,-1.628138E-05
0.6019138,-1.510643E-06,0.6019138,-1.426719E-05
0.6023793,5.203327E-06,0.6023793,-1.02388E-05
0.6028448,1.02388E-05,0.6028448,-9.567407E-06
0.6033103,1.05745E-05,0.6033103,-8.89601E-06
0.6037759,7.888914E-06,0.6037759,-7.553216E-06
0.6042414,6.210422E-06,0.6042414,-7.553216E-06
0.6047069,3.189136E-06,0.6047069,-8.89601E-06
0.6051724,1.846342E-06,0.6051724,-8.89601E-06
0.6056379,8.560311E-06,0.6056379,-6.881819E-06
0.6061034,1.460288E-05,0.6061034,-3.189136E-06
0.6065689,1.426719E-05,0.6065689,2.517739E-06
0.6070344,1.02388E-05,0.6070344,6.210422E-06
0.6075,8.89601E-06,0.6075,6.378271E-06
0.6079655,7.553216E-06,0.6079655,5.203327E-06
0.608431,4.531929E-06,0.608431,3.524834E-06
0.6088966,1.007095E-06,0.6088966,-1.678492E-07
0.6093621,-5.203327E-06,0.6093621,-4.196231E-06
0.6098276,-7.721065E-06,0.6098276,-4.196231E-06
0.6102931,-3.356985E-07,0.6102931,-8.392462E-07
0.6107586,1.527428E-05,0.6107586,3.860533E-06
0.6112241,2.836652E-05,0.6112241,9.231709E-06
0.6116896,2.903792E-05,0.6116896,1.19173E-05
0.6121551,1.426719E-05,0.6121551,8.560311E-06
0.6126207,-1.678492E-07,0.6126207,5.874723E-06
0.6130862,-7.049668E-06,0.6130862,4.196231E-06
0.6135517,-1.12459E-05,0.6135517,1.174945E-06
0.6140172,-1.225299E-05,0.6140172,-2.853437E-06
0.6144828,-7.553216E-06,0.6144828,-5.539025E-06
0.6149483,-4.196231E-06,0.6149483,-7.217518E-06
0.6154138,-1.15816E-05,0.6154138,-8.224612E-06
0.6158793,-2.467384E-05,0.6158793,-6.210422E-06
0.6163448,-3.910887E-05,0.6163448,-3.189136E-06
0.6168103,-4.313725E-05,0.6168103,-1.846342E-06
0.6172758,-3.37377E-05,0.6172758,-2.18204E-06
0.6177413,-2.030976E-05,0.6177413,-4.36408E-06
0.6182069,-9.567407E-06,0.6182069,-6.881819E-06
0.6186724,5.539025E-06,0.6186724,-6.881819E-06
0.6191379,2.333104E-05,0.6191379,-4.867628E-06
0.6196035,3.189136E-05,0.6196035,-5.706874E-06
0.620069,3.004501E-05,0.620069,-8.224612E-06
0.6205345,2.333104E-05,0.6205345,-7.553216E-06
0.621,2.030976E-05,0.621,-4.531929E-06
0.6214655,2.098116E-05,0.6214655,-1.510643E-06
0.621931,2.098116E-05,0.621931,1.007095E-06
0.6223965,1.19173E-05,0.6223965,2.18204E-06
0.622862,-8.560311E-06,0.622862,-1.510643E-06
0.6233276,-2.198825E-05,0.6233276,-7.553216E-06
0.6237931,-1.426719E-05,0.6237931,-1.09102E-05
0.6242586,1.007095E-06,0.6242586,-7.553216E-06
0.6247241,8.560311E-06,0.6247241,-4.196231E-06
0.6251897,8.89601E-06,0.6251897,-8.392462E-07
0.6256552,3.021286E-06,0.6256552,2.517739E-06
0.6261207,-3.860533E-06,0.6261207,6.210422E-06
0.6265862,-1.846342E-06,0.6265862,1.02388E-05
0.6270517,1.12459E-05,0.6270517,1.040665E-05
0.6275172,2.098116E-05,0.6275172,3.692683E-06
0.6279827,7.049668E-06,0.6279827,-2.18204E-06
0.6284482,-3.508049E-05,0.6284482,-5.539025E-06
0.6289138,-6.395056E-05,0.6289138,-6.881819E-06
0.6293793,-5.38796E-05,0.6293793,-4.867628E-06
0.6298448,-2.786297E-05,0.6298448,-3.021286E-06
0.6303104,-1.426719E-05,0.6303104,-5.035477E-07
0.6307759,-1.02388E-05,0.6307759,3.021286E-06
0.6312414,-8.560311E-06,0.6312414,1.174945E-06
0.6317069,-1.292439E-05,0.6317069,-5.874723E-06
0.6321724,-2.568093E-05,0.6321724,-8.89601E-06
0.6326379,-3.709468E-05,0.6326379,-4.196231E-06
0.6331034,-4.448005E-05,0.6331034,2.349889E-06
0.6335689,-4.649424E-05,0.6335689,5.706874E-06
0.6340345,-4.380865E-05,0.6340345,3.524834E-06
0.6345,-3.877317E-05,0.6345,-2.18204E-06
0.6349655,-2.970932E-05,0.6349655,-6.210422E-06
0.635431,-1.15816E-05,0.635431,-6.210422E-06
0.6358966,1.258869E-05,0.6358966,-6.881819E-06
0.6363621,3.071641E-05,0.6363621,-8.89601E-06
0.6368276,4.280156E-05,0.6368276,-8.89601E-06
0.6372931,5.220111E-05,0.6372931,-5.874723E-06
0.6377586,5.62295E-05,0.6377586,-2.853437E-06
0.6382241,5.606165E-05,0.6382241,-8.392462E-07
0.6386896,5.857939E-05,0.6386896,-5.035477E-07
0.6391551,6.294347E-05,0.6391551,-2.853437E-06
0.6396207,6.965744E-05,0.6396207,-5.203327E-06
0.6400862,6.999313E-05,0.6400862,-4.531929E-06
0.6405517,5.757229E-05,0.6405517,-3.692683E-06
0.6410172,3.843748E-05,0.6410172,-2.18204E-06
0.6414828,2.702373E-05,0.6414828,3.356985E-07
0.6419483,2.047761E-05,0.6419483,1.510643E-06
0.6424138,9.903105E-06,0.6424138,2.517739E-06
0.6428793,-2.18204E-06,0.6428793,7.721065E-06
0.6433448,-1.460288E-05,0.6433448,1.393149E-05
0.6438103,-2.970932E-05,0.6438103,1.426719E-05
0.6442758,-3.843748E-05,0.6442758,7.217518E-06
0.6447414,-3.642328E-05,0.6447414,-1.510643E-06
0.6452069,-3.071641E-05,0.6452069,-1.02388E-05
0.6456724,-2.601663E-05,0.6456724,-1.493858E-05
0.6461379,-1.963836E-05,0.6461379,-1.15816E-05
0.6466034,-1.896696E-05,0.6466034,-6.210422E-06
0.647069,-2.198825E-05,0.647069,-3.524834E-06
0.6475345,-2.433814E-05,0.6475345,-2.18204E-06
0.648,-2.433814E-05,0.648,2.349889E-06
0.6484655,-1.896696E-05,0.6484655,9.063859E-06
0.648931,-1.225299E-05,0.648931,9.231709E-06
0.6493965,-1.02388E-05,0.6493965,-1.510643E-06
0.6498621,-1.09102E-05,0.6498621,-1.09102E-05
0.6503276,-1.242084E-05,0.6503276,-1.09102E-05
0.6507931,-1.560998E-05,0.6507931,-9.567407E-06
0.6512586,-1.661708E-05,0.6512586,-1.426719E-05
0.6517241,-1.493858E-05,0.6517241,-1.628138E-05
0.6521896,-1.560998E-05,0.6521896,-1.309224E-05
0.6526552,-1.963836E-05,0.6526552,-1.12459E-05
0.6531207,-2.198825E-05,0.6531207,-1.02388E-05
0.6535862,-2.165255E-05,0.6535862,-7.721065E-06
0.6540517,-2.165255E-05,0.6540517,-5.035477E-06
0.6545172,-2.484169E-05,0.6545172,-2.853437E-06
0.6549827,-2.702373E-05,0.6549827,1.678492E-07
0.6554483,-2.702373E-05,0.6554483,8.392462E-07
0.6559138,-2.484169E-05,0.6559138,-5.035477E-07
0.6563793,-1.628138E-05,0.6563793,-1.510643E-06
0.6568448,-9.063859E-06,0.6568448,-1.678492E-07
0.6573103,-8.89601E-06,0.6573103,3.021286E-06
0.6577758,-1.02388E-05,0.6577758,6.54612E-06
0.6582414,-1.275654E-05,0.6582414,8.560311E-06
0.6587069,-1.661708E-05,0.6587069,8.560311E-06
0.6591724,-1.326009E-05,0.6591724,8.224612E-06
0.6596379,-3.021286E-06,0.6596379,1.09102E-05
0.6601034,5.035477E-07,0.6601034,1.426719E-05
0.660569,-1.393149E-05,0.660569,1.12459E-05
0.6610345,-2.635233E-05,0.6610345,3.189136E-06
0.6615,-1.628138E-05,0.6615,-5.035477E-07
0.6619655,3.189136E-06,0.6619655,5.035477E-07
0.662431,1.795987E-05,0.662431,3.021286E-06
0.6628965,2.635233E-05,0.6628965,4.531929E-06
0.663362,3.20592E-05,0.663362,-3.356985E-07
0.6638276,3.608759E-05,0.6638276,-9.903105E-06
0.6642931,4.011597E-05,0.6642931,-1.795987E-05
0.6647586,5.052262E-05,0.6647586,-2.098116E-05
0.6652241,6.361486E-05,0.6652241,-1.896696E-05
0.6656896,6.932174E-05,0.6656896,-1.560998E-05
0.6661552,5.824369E-05,0.6661552,-1.628138E-05
0.6666207,3.608759E-05,0.6666207,-1.527428E-05
0.6670862,5.203327E-06,0.6670862,-1.174945E-05
0.6675517,-3.004501E-05,0.6675517,-8.560311E-06
0.6680172,-5.62295E-05,0.6680172,-6.881819E-06
0.6684827,-5.119402E-05,0.6684827,-3.860533E-06
0.6689482,-2.870222E-05,0.6689482,-2.18204E-06
0.6694138,-1.594568E-05,0.6694138,-1.846342E-06
0.6698793,-1.359579E-05,0.6698793,-1.846342E-06
0.6703448,-1.577783E-05,0.6703448,5.035477E-07
0.6708103,-1.963836E-05,0.6708103,4.531929E-06
0.6712759,-2.383459E-05,0.6712759,5.539025E-06
0.6717414,-3.105211E-05,0.6717414,4.531929E-06
0.6722069,-4.313725E-05,0.6722069,2.517739E-06
0.6726724,-4.951553E-05,0.6726724,2.18204E-06
0.6731379,-3.910887E-05,0.6731379,1.846342E-06
0.6736034,-2.1149E-05,0.6736034,1.846342E-06
0.6740689,-1.225299E-05,0.6740689,1.846342E-06
0.6745344,-1.393149E-05,0.6745344,1.678492E-07
0.675,-1.644922E-05,0.675,-4.531929E-06
0.6754655,-2.299535E-05,0.6754655,-7.553216E-06
0.675931,-3.675899E-05,0.675931,-5.539025E-06
0.6763965,-5.304036E-05,0.6763965,-2.853437E-06
0.6768621,-6.059357E-05,0.6768621,-3.189136E-06
0.6773276,-4.800488E-05,0.6773276,-3.524834E-06
0.6777931,-2.920577E-05,0.6777931,-6.713969E-07
0.6782586,-1.678492E-05,0.6782586,1.007095E-06
0.6787241,-2.853437E-06,0.6787241,-1.678492E-07
0.6791896,1.661708E-05,0.6791896,8.392462E-07
0.6796551,3.105211E-05,0.6796551,-8.392462E-07
0.6801206,3.877317E-05,0.6801206,-3.524834E-06
0.6805862,4.682994E-05,0.6805862,-3.524834E-06
0.6810517,6.294347E-05,0.6810517,-1.510643E-06
0.6815172,7.620356E-05,0.6815172,-2.517739E-06
0.6819828,7.066453E-05,0.6819828,-4.867628E-06
0.6824483,4.750134E-05,0.6824483,-6.210422E-06
0.6829138,2.131685E-05,0.6829138,-5.539025E-06
0.6833793,9.903105E-06,0.6833793,-1.510643E-06
0.6838448,9.231709E-06,0.6838448,2.517739E-06
0.6843103,1.829557E-05,0.6843103,3.692683E-06
0.6847758,2.534523E-05,0.6847758,2.517739E-06
0.6852413,1.695277E-05,0.6852413,2.517739E-06
0.6857069,-5.035477E-07,0.6857069,2.517739E-06
0.6861724,-1.174945E-05,0.6861724,1.174945E-06
0.6866379,-1.15816E-05,0.6866379,6.713969E-07
0.6871035,-9.903105E-06,0.6871035,1.174945E-06
0.687569,-1.426719E-05,0.687569,1.174945E-06
0.6880345,-1.829557E-05,0.6880345,-1.510643E-06
0.6885,-1.359579E-05,0.6885,-5.203327E-06
0.6889655,-6.210422E-06,0.6889655,-6.210422E-06
0.689431,-2.853437E-06,0.689431,-4.196231E-06
0.6898965,-5.539025E-06,0.6898965,-2.853437E-06
0.690362,-9.567407E-06,0.690362,-2.18204E-06
0.6908275,-4.867628E-06,0.6908275,-8.392462E-07
0.6912931,3.860533E-06,0.6912931,-5.035477E-07
0.6917586,1.15816E-05,0.6917586,-1.510643E-06
0.6922241,1.309224E-05,0.6922241,-2.517739E-06
0.6926897,9.903105E-06,0.6926897,-1.510643E-06
0.6931552,-7.217518E-06,0.6931552,-1.510643E-06
0.6936207,-3.440909E-05,0.6936207,-1.510643E-06
0.6940862,-4.179446E-05,0.6940862,3.189136E-06
0.6945517,-2.047761E-05,0.6945517,7.553216E-06
0.6950172,-1.510643E-06,0.6950172,7.888914E-06
0.6954827,-5.539025E-06,0.6954827,6.378271E-06
0.6959482,-2.198825E-05,0.6959482,2.517739E-06
0.6964138,-4.179446E-05,0.6964138,-3.189136E-06
0.6968793,-6.395056E-05,0.6968793,-5.874723E-06
0.6973448,-8.258183E-05,0.6973448,-6.210422E-06
0.6978104,-8.778516E-05,0.6978104,-5.874723E-06
0.6982759,-7.80499E-05,0.6982759,-2.853437E-06
0.6987414,-5.857939E-05,0.6987414,2.517739E-06
0.6992069,-3.3402E-05,0.6992069,-1.678492E-07
0.6996724,2.517739E-06,0.6996724,-8.224612E-06
0.7001379,3.843748E-05,0.7001379,-1.594568E-05
0.7006034,6.092927E-05,0.7006034,-1.930266E-05
0.7010689,7.536431E-05,0.7010689,-1.795987E-05
0.7015345,9.181353E-05,0.7015345,-1.225299E-05
0.702,0.000103563,0.702,-4.196231E-06
0.7024655,9.91989E-05,0.7024655,3.860533E-06
0.702931,8.375677E-05,0.702931,9.231709E-06
0.7033966,6.327916E-05,0.7033966,9.735256E-06
0.7038621,4.179446E-05,0.7038621,4.867628E-06
0.7043276,2.265965E-05,0.7043276,-1.510643E-06
0.7047931,8.560311E-06,0.7047931,-8.224612E-06
0.7052586,5.035477E-07,0.7052586,-1.359579E-05
0.7057241,-2.853437E-06,0.7057241,-1.661708E-05
0.7061896,-1.678492E-07,0.7061896,-1.493858E-05
0.7066551,2.517739E-06,0.7066551,-8.89601E-06
0.7071207,1.846342E-06,0.7071207,-4.196231E-06
0.7075862,3.189136E-06,0.7075862,-8.392462E-07
0.7080517,5.203327E-06,0.7080517,8.392462E-07
0.7085173,3.692683E-06,0.7085173,1.846342E-06
0.7089828,-1.678492E-07,0.7089828,3.524834E-06
0.7094483,-7.049668E-06,0.7094483,1.174945E-06
0.7099138,-2.064546E-05,0.7099138,-5.539025E-06
0.7103793,-2.970932E-05,0.7103793,-9.567407E-06
0.7108448,-3.004501E-05,0.7108448,-7.217518E-06
0.7113103,-3.105211E-05,0.7113103,-3.021286E-06
0.7117758,-3.877317E-05,0.7117758,-1.678492E-07
0.7122414,-4.850843E-05,0.7122414,2.853437E-06
0.7127069,-5.958648E-05,0.7127069,4.531929E-06
0.7131724,-6.025788E-05,0.7131724,9.903105E-06
0.7136379,-4.649424E-05,0.7136379,1.560998E-05
0.7141035,-2.719158E-05,0.7141035,1.644922E-05
0.714569,-6.881819E-06,0.714569,1.242084E-05
0.7150345,5.203327E-06,0.7150345,7.217518E-06
0.7155,-6.881819E-06,0.7155,1.846342E-06
0.7159655,-2.987716E-05,0.7159655,-4.867628E-06
0.716431,-3.508049E-05,0.716431,-1.02388E-05
0.7168965,-2.500954E-05,0.7168965,-1.02388E-05
0.717362,-1.426719E-05,0.717362,-7.553216E-06
0.7178276,-5.539025E-06,0.7178276,-5.874723E-06
0.7182931,-3.524834E-06,0.7182931,-6.210422E-06
0.7187586,-1.560998E-05,0.7187586,-8.224612E-06
0.7192241,-3.524834E-05,0.7192241,-1.02388E-05
0.7196897,-4.448005E-05,0.7196897,-8.560311E-06
0.7201552,-3.659113E-05,0.7201552,-7.217518E-06
0.7206207,-1.359579E-05,0.7206207,-5.539025E-06
0.7210862,8.560311E-06,0.7210862,-2.18204E-06
0.7215517,1.594568E-05,0.7215517,1.678492E-07
0.7220172,1.426719E-05,0.7220172,1.174945E-06
0.7224827,1.15816E-05,0.7224827,1.846342E-06
0.7229483,8.224612E-06,0.7229483,1.678492E-07
0.7234138,5.203327E-06,0.7234138,-2.853437E-06
0.7238793,7.049668E-06,0.7238793,-3.524834E-06
0.7243448,9.903105E-06,0.7243448,-2.517739E-06
0.7248103,1.09102E-05,0.7248103,-1.174945E-06
0.7252759,9.903105E-06,0.7252759,1.846342E-06
0.7257414,5.203327E-06,0.7257414,4.531929E-06
0.7262069,-2.853437E-06,0.7262069,3.860533E-06
0.7266724,-6.881819E-06,0.7266724,3.860533E-06
0.7271379,-5.035477E-07,0.7271379,5.539025E-06
0.7276034,6.210422E-06,0.7276034,3.860533E-06
0.7280689,5.539025E-06,0.7280689,5.035477E-07
0.7285345,3.524834E-06,0.7285345,-3.860533E-06
0.729,3.860533E-06,0.729,-6.210422E-06
0.7294655,3.356985E-06,0.7294655,-5.539025E-06
0.729931,2.18204E-06,0.729931,-6.210422E-06
0.7303965,1.678492E-06,0.7303965,-8.224612E-06
0.7308621,-1.510643E-06,0.7308621,-1.040665E-05
0.7313276,-3.189136E-06,0.7313276,-9.735256E-06
0.7317931,-2.853437E-06,0.7317931,-8.392462E-06
0.7322586,-8.392462E-07,0.7322586,-6.881819E-06
0.7327241,-1.174945E-06,0.7327241,-5.874723E-06
0.7331896,-3.692683E-06,0.7331896,-4.196231E-06
0.7336552,-6.54612E-06,0.7336552,-3.189136E-06
0.7341207,-4.196231E-06,0.7341207,-1.846342E-06
0.7345862,5.035477E-07,0.7345862,-1.678492E-07
0.7350517,-2.517739E-06,0.7350517,-1.510643E-06
0.7355172,-4.196231E-06,0.7355172,-6.210422E-06
0.7359827,7.217518E-06,0.7359827,-8.89601E-06
0.7364483,2.265965E-05,0.7364483,-5.035477E-06
0.7369138,3.038071E-05,0.7369138,-8.392462E-07
0.7373793,3.726253E-05,0.7373793,1.007095E-06
0.7378448,3.810178E-05,0.7378448,3.189136E-06
0.7383103,3.038071E-05,0.7383103,4.867628E-06
0.7387758,2.299535E-05,0.7387758,6.210422E-06
0.7392414,1.913481E-05,0.7392414,5.539025E-06
0.7397069,7.553216E-06,0.7397069,1.174945E-06
0.7401724,-3.860533E-06,0.7401724,-3.524834E-06
0.7406379,-1.863127E-05,0.7406379,-4.867628E-06
0.7411034,-4.901198E-05,0.7411034,-3.524834E-06
0.7415689,-8.845655E-05,0.7415689,1.174945E-06
0.7420345,-0.0001109483,0.7420345,6.54612E-06
0.7425,-9.181353E-05,0.7425,3.860533E-06
0.7429655,-5.119402E-05,0.7429655,-4.699779E-06
0.743431,-1.829557E-05,0.743431,-9.903105E-06
0.7438965,-3.524834E-06,0.7438965,-7.721065E-06
0.7443621,-8.392462E-07,0.7443621,-4.867628E-06
0.7448276,-1.846342E-06,0.7448276,-5.874723E-06
0.7452931,-6.210422E-06,0.7452931,-5.539025E-06
0.7457586,-1.02388E-05,0.7457586,-4.531929E-06
0.7462241,-1.107805E-05,0.7462241,-5.539025E-06
0.7466896,-5.035477E-06,0.7466896,-1.02388E-05
0.7471551,7.888914E-06,0.7471551,-1.326009E-05
0.7476207,2.232395E-05,0.7476207,-1.12459E-05
0.7480862,2.769513E-05,0.7480862,-7.553216E-06
0.7485517,1.02388E-05,0.7485517,-5.539025E-06
0.7490172,-2.232395E-05,0.7490172,-5.035477E-06
0.7494828,-3.608759E-05,0.7494828,-3.860533E-06
0.7499483,-1.963836E-05,0.7499483,-1.510643E-06
0.7504138,2.18204E-06,0.7504138,-1.678492E-07
0.7508793,1.812772E-05,0.7508793,1.174945E-06
0.7513448,2.635233E-05,0.7513448,-1.678492E-07
0.7518103,2.383459E-05,0.7518103,-2.18204E-06
0.7522758,-8.224612E-06,0.7522758,-3.189136E-06
0.7527413,-5.992218E-05,0.7527413,-3.524834E-06
0.7532069,-8.308538E-05,0.7532069,-4.531929E-06
0.7536724,-5.723659E-05,0.7536724,-7.049668E-06
0.7541379,-1.661708E-05,0.7541379,-9.063859E-06
0.7546034,7.888914E-06,0.7546034,-1.09102E-05
0.755069,1.795987E-05,0.755069,-1.09102E-05
0.7555345,2.635233E-05,0.7555345,-1.05745E-05
0.756,3.810178E-05,0.756,-1.02388E-05
0.7564655,5.085832E-05,0.7564655,-7.888914E-06
0.756931,5.925078E-05,0.756931,-3.524834E-06
0.7573965,5.62295E-05,0.7573965,-1.846342E-06
0.757862,4.750134E-05,0.757862,-3.189136E-06
0.7583275,4.213016E-05,0.7583275,-3.021286E-06
0.7587931,3.726253E-05,0.7587931,-1.174945E-06
0.7592586,2.652018E-05,0.7592586,1.678492E-07
0.7597241,1.05745E-05,0.7597241,-1.678492E-07
0.7601897,5.035477E-07,0.7601897,-5.035477E-07
0.7606552,-2.18204E-06,0.7606552,-1.510643E-06
0.7611207,-2.517739E-06,0.7611207,-8.392462E-07
0.7615862,-5.539025E-06,0.7615862,1.174945E-06
0.7620517,-6.881819E-06,0.7620517,3.860533E-06
0.7625172,-3.524834E-06,0.7625172,5.874723E-06
0.7629827,-4.867628E-06,0.7629827,6.54612E-06
0.7634482,-1.628138E-05,0.7634482,5.874723E-06
0.7639138,-2.702373E-05,0.7639138,5.203327E-06
0.7643793,-2.601663E-05,0.7643793,6.54612E-06
0.7648448,-1.829557E-05,0.7648448,9.567407E-06
0.7653103,-8.224612E-06,0.7653103,9.231709E-06
0.7657759,1.846342E-06,0.7657759,7.217518E-06
0.7662414,6.210422E-06,0.7662414,2.853437E-06
0.7667069,-1.678492E-07,0.7667069,-3.189136E-06
0.7671724,-5.874723E-06,0.7671724,-4.531929E-06
0.7676379,-2.18204E-06,0.7676379,5.035477E-07
0.7681034,1.846342E-06,0.7681034,5.203327E-06
0.7685689,-1.678492E-07,0.7685689,3.860533E-06
0.7690344,-5.539025E-06,0.7690344,1.174945E-06
0.7695,-1.225299E-05,0.7695,-1.678492E-06
0.7699655,-2.064546E-05,0.7699655,-5.203327E-06
0.770431,-2.853437E-05,0.770431,-8.89601E-06
0.7708966,-3.121996E-05,0.7708966,-1.107805E-05
0.7713621,-2.970932E-05,0.7713621,-1.225299E-05
0.7718276,-2.652018E-05,0.7718276,-1.09102E-05
0.7722931,-2.568093E-05,0.7722931,-9.231709E-06
0.7727586,-2.568093E-05,0.7727586,-6.54612E-06
0.7732241,-3.071641E-05,0.7732241,-4.36408E-06
0.7736896,-3.575189E-05,0.7736896,-4.196231E-06
0.7741551,-3.508049E-05,0.7741551,-4.531929E-06
0.7746207,-2.064546E-05,0.7746207,-2.18204E-06
0.7750862,-8.392462E-07,0.7750862,2.517739E-06
0.7755517,9.231709E-06,0.7755517,5.874723E-06
0.7760172,1.05745E-05,0.7760172,6.881819E-06
0.7764828,1.359579E-05,0.7764828,5.874723E-06
0.7769483,1.426719E-05,0.7769483,5.706874E-06
0.7774138,3.524834E-06,0.7774138,8.392462E-07
0.7778793,-1.02388E-05,0.7778793,-7.217518E-06
0.7783448,-1.309224E-05,0.7783448,-1.258869E-05
0.7788103,3.021286E-06,0.7788103,-1.292439E-05
0.7792758,2.467384E-05,0.7792758,-1.02388E-05
0.7797413,3.743038E-05,0.7797413,-4.867628E-06
0.7802069,3.508049E-05,0.7802069,-1.846342E-06
0.7806724,2.937362E-05,0.7806724,1.846342E-06
0.7811379,3.138781E-05,0.7811379,3.860533E-06
0.7816035,3.910887E-05,0.7816035,1.846342E-06
0.782069,4.280156E-05,0.782069,-2.517739E-06
0.7825345,3.726253E-05,0.7825345,-5.539025E-06
0.783,1.309224E-05,0.783,-6.881819E-06
0.7834655,-2.265965E-05,0.7834655,-6.54612E-06
0.783931,-3.843748E-05,0.783931,-5.874723E-06
0.7843965,-3.004501E-05,0.7843965,-5.706874E-06
0.784862,-2.131685E-05,0.784862,-6.378271E-06
0.7853276,-1.913481E-05,0.7853276,-6.210422E-06
0.7857931,-1.728847E-05,0.7857931,-4.196231E-06
0.7862586,-6.54612E-06,0.7862586,-3.860533E-06
0.7867242,7.888914E-06,0.7867242,-4.36408E-06
0.7871897,1.12459E-05,0.7871897,-5.203327E-06
0.7876552,1.174945E-06,0.7876552,-3.524834E-06
0.7881207,-6.881819E-06,0.7881207,-1.174945E-06
0.7885862,-4.867628E-06,0.7885862,-5.035477E-07
0.7890517,2.517739E-06,0.7890517,1.174945E-06
0.7895172,6.881819E-06,0.7895172,1.846342E-06
0.7899827,3.021286E-06,0.7899827,-1.007095E-06
0.7904482,-8.224612E-06,0.7904482,-6.881819E-06
0.7909138,-1.913481E-05,0.7909138,-1.007095E-05
0.7913793,-1.863127E-05,0.7913793,-6.210422E-06
0.7918448,-1.15816E-05,0.7918448,-8.392462E-07
0.7923104,-8.89601E-06,0.7923104,4.36408E-06
0.7927759,-1.292439E-05,0.7927759,7.217518E-06
0.7932414,-2.299535E-05,0.7932414,8.560311E-06
0.7937069,-3.40734E-05,0.7937069,6.210422E-06
0.7941724,-3.642328E-05,0.7941724,3.524834E-06
0.7946379,-3.004501E-05,0.7946379,8.392462E-07
0.7951034,-2.467384E-05,0.7951034,-2.685588E-06
0.7955689,-2.366674E-05,0.7955689,-5.539025E-06
0.7960345,-2.500954E-05,0.7960345,-5.203327E-06
0.7965,-2.165255E-05,0.7965,-3.524834E-06
0.7969655,-1.359579E-05,0.7969655,-5.035477E-07
0.797431,-6.210422E-06,0.797431,6.713969E-07
0.7978966,-2.18204E-06,0.7978966,-3.189136E-06
0.7983621,3.189136E-06,0.7983621,-5.706874E-06
0.7988276,2.198825E-05,0.7988276,-4.196231E-06
0.7992931,3.994812E-05,0.7992931,-2.18204E-06
0.7997586,3.675899E-05,0.7997586,-2.18204E-06
0.8002241,2.131685E-05,0.8002241,-2.349889E-06
0.8006896,1.05745E-05,0.8006896,1.678492E-07
0.8011551,1.05745E-05,0.8011551,3.021286E-06
0.8016207,1.997406E-05,0.8016207,5.874723E-06
0.8020862,3.038071E-05,0.8020862,1.05745E-05
0.8025517,3.004501E-05,0.8025517,1.510643E-05
0.8030172,1.997406E-05,0.8030172,1.326009E-05
0.8034828,7.553216E-06,0.8034828,6.54612E-06
0.8039483,-6.881819E-06,0.8039483,-3.524834E-06
0.8044138,-2.232395E-05,0.8044138,-1.258869E-05
0.8048793,-3.038071E-05,0.8048793,-1.510643E-05
0.8053448,-3.30663E-05,0.8053448,-1.292439E-05
0.8058103,-3.642328E-05,0.8058103,-9.231709E-06
0.8062758,-3.709468E-05,0.8062758,-8.224612E-06
0.8067414,-3.37377E-05,0.8067414,-8.89601E-06
0.8072069,-3.40734E-05,0.8072069,-9.567407E-06
0.8076724,-3.172351E-05,0.8076724,-1.09102E-05
0.8081379,-2.232395E-05,0.8081379,-8.560311E-06
0.8086034,-9.903105E-06,0.8086034,-5.874723E-06
0.809069,5.035477E-07,0.809069,-7.049668E-06
0.8095345,3.524834E-06,0.8095345,-9.903105E-06
0.81,-4.867628E-06,0.81,-9.231709E-06
0.8104655,-1.174945E-05,0.8104655,-7.049668E-06
0.810931,-2.18204E-06,0.810931,-4.36408E-06
0.8113965,1.19173E-05,0.8113965,-1.510643E-06
0.8118621,1.174945E-06,0.8118621,-1.846342E-06
0.8123276,-2.803082E-05,0.8123276,-1.510643E-06
0.8127931,-3.575189E-05,0.8127931,1.678492E-06
0.8132586,-2.18204E-06,0.8132586,3.860533E-06
0.8137241,4.766919E-05,0.8137241,4.196231E-06
0.8141896,7.939269E-05,0.8141896,5.203327E-06
0.8146552,8.174258E-05,0.8146552,5.539025E-06
0.8151207,6.428626E-05,0.8151207,4.531929E-06
0.8155862,2.735943E-05,0.8155862,4.531929E-06
0.8160517,-2.769513E-05,0.8160517,3.692683E-06
0.8165172,-6.965744E-05,0.8165172,-1.007095E-06
0.8169827,-7.133593E-05,0.8169827,-3.692683E-06
0.8174483,-5.287251E-05,0.8174483,-3.524834E-06
0.8179138,-4.078737E-05,0.8179138,-2.853437E-06
0.8183793,-2.769513E-05,0.8183793,-1.678492E-07
0.8188448,-1.376364E-05,0.8188448,1.510643E-06
0.8193103,-6.54612E-06,0.8193103,4.36408E-06
0.8197758,-8.560311E-06,0.8197758,6.54612E-06
0.8202414,-1.02388E-05,0.8202414,6.210422E-06
0.8207069,-1.12459E-05,0.8207069,2.349889E-06
0.8211724,-9.231709E-06,0.8211724,8.392462E-07
0.8216379,-6.042573E-06,0.8216379,3.524834E-06
0.8221034,-9.567407E-06,0.8221034,7.049668E-06
0.822569,-1.963836E-05,0.822569,9.903105E-06
0.8230345,-2.467384E-05,0.8230345,1.19173E-05
0.8235,-1.728847E-05,0.8235,7.217518E-06
0.8239655,-4.196231E-06,0.8239655,-4.531929E-06
0.824431,6.881819E-06,0.824431,-1.527428E-05
0.8248965,9.567407E-06,0.8248965,-2.400244E-05
0.825362,4.531929E-06,0.825362,-2.735943E-05
0.8258276,2.18204E-06,0.8258276,-2.366674E-05
0.8262931,5.203327E-06,0.8262931,-1.762417E-05
0.8267586,7.721065E-06,0.8267586,-1.15816E-05
0.8272241,8.89601E-06,0.8272241,-9.063859E-06
0.8276896,1.02388E-05,0.8276896,-1.15816E-05
0.8281552,6.881819E-06,0.8281552,-1.762417E-05
0.8286207,3.189136E-06,0.8286207,-1.896696E-05
0.8290862,8.560311E-06,0.8290862,-1.493858E-05
0.8295517,1.863127E-05,0.8295517,-9.567407E-06
0.8300172,3.20592E-05,0.8300172,-6.210422E-06
0.8304827,4.733349E-05,0.8304827,-5.539025E-06
0.8309482,5.404745E-05,0.8309482,-8.224612E-06
0.8314137,4.682994E-05,0.8314137,-1.040665E-05
0.8318793,3.575189E-05,0.8318793,-9.567407E-06
0.8323448,2.450599E-05,0.8323448,-8.728161E-06
0.8328103,1.05745E-05,0.8328103,-6.881819E-06
0.8332759,2.517739E-06,0.8332759,-1.846342E-06
0.8337414,5.035477E-07,0.8337414,3.189136E-06
0.8342069,-4.196231E-06,0.8342069,4.36408E-06
0.8346724,-1.560998E-05,0.8346724,4.867628E-06
0.8351379,-3.105211E-05,0.8351379,7.217518E-06
0.8356034,-3.776608E-05,0.8356034,9.567407E-06
0.8360689,-3.071641E-05,0.8360689,1.19173E-05
0.8365344,-2.198825E-05,0.8365344,1.728847E-05
0.837,-2.232395E-05,0.837,2.333104E-05
0.8374655,-3.038071E-05,0.8374655,2.198825E-05
0.837931,-3.40734E-05,0.837931,1.460288E-05
0.8383965,-3.172351E-05,0.8383965,6.54612E-06
0.8388621,-3.138781E-05,0.8388621,1.678492E-07
0.8393276,-3.23949E-05,0.8393276,-4.36408E-06
0.8397931,-4.246586E-05,0.8397931,-8.89601E-06
0.8402586,-5.62295E-05,0.8402586,-9.567407E-06
0.8407241,-5.38796E-05,0.8407241,-9.231709E-06
0.8411896,-3.843748E-05,0.8411896,-9.567407E-06
0.8416551,-2.601663E-05,0.8416551,-1.258869E-05
0.8421206,-1.846342E-05,0.8421206,-1.15816E-05
0.8425862,-1.05745E-05,0.8425862,-4.196231E-06
0.8430517,-4.867628E-06,0.8430517,3.189136E-06
0.8435172,1.510643E-06,0.8435172,8.89601E-06
0.8439828,1.02388E-05,0.8439828,1.19173E-05
0.8444483,1.460288E-05,0.8444483,8.89601E-06
0.8449138,9.567407E-06,0.8449138,1.174945E-06
0.8453793,4.531929E-06,0.8453793,-2.853437E-06
0.8458448,2.18204E-06,0.8458448,-1.678492E-07
0.8463103,4.867628E-06,0.8463103,2.18204E-06
0.8467758,1.560998E-05,0.8467758,5.035477E-07
0.8472413,2.534523E-05,0.8472413,-8.392462E-07
0.8477069,2.568093E-05,0.8477069,-1.174945E-06
0.8481724,2.534523E-05,0.8481724,-1.678492E-07
0.8486379,3.105211E-05,0.8486379,2.349889E-06
0.8491035,3.390555E-05,0.8491035,3.189136E-06
0.849569,2.198825E-05,0.849569,2.517739E-06
0.8500345,3.860533E-06,0.8500345,1.846342E-06
0.8505,-9.567407E-06,0.8505,-8.392462E-07
0.8509655,-1.560998E-05,0.8509655,-3.189136E-06
0.851431,-1.02388E-05,0.851431,-2.853437E-06
0.8518965,-2.18204E-06,0.8518965,-2.517739E-06
0.852362,5.706874E-06,0.852362,-7.553216E-06
0.8528275,1.829557E-05,0.8528275,-9.903105E-06
0.8532931,2.635233E-05,0.8532931,-9.903105E-06
0.8537586,2.534523E-05,0.8537586,-8.89601E-06
0.8542241,2.198825E-05,0.8542241,-7.049668E-06
0.8546897,2.198825E-05,0.8546897,-4.196231E-06
0.8551552,2.098116E-05,0.8551552,-5.874723E-06
0.8556207,1.829557E-05,0.8556207,-8.89601E-06
0.8560862,1.359579E-05,0.8560862,-8.224612E-06
0.8565517,9.567407E-06,0.8565517,-6.54612E-06
0.8570172,6.378271E-06,0.8570172,-4.196231E-06
0.8574827,2.853437E-06,0.8574827,-2.853437E-06
0.8579482,1.174945E-06,0.8579482,-2.517739E-06
0.8584138,-1.678492E-07,0.8584138,-2.853437E-06
0.8588793,-1.174945E-06,0.8588793,-1.678492E-07
0.8593448,-4.867628E-06,0.8593448,3.021286E-06
0.8598104,-9.735256E-06,0.8598104,3.860533E-06
0.8602759,-1.09102E-05,0.8602759,2.517739E-06
0.8607414,-1.15816E-05,0.8607414,5.035477E-07
0.8612069,-1.795987E-05,0.8612069,-1.510643E-06
0.8616724,-2.098116E-05,0.8616724,-1.510643E-06
0.8621379,-2.030976E-05,0.8621379,1.678492E-07
0.8626034,-2.383459E-05,0.8626034,1.174945E-06
0.8630689,-2.836652E-05,0.8630689,8.392462E-07
0.8635345,-2.970932E-05,0.8635345,1.174945E-06
0.864,-2.786297E-05,0.864,1.174945E-06
0.8644655,-2.28275E-05,0.8644655,1.174945E-06
0.864931,-1.577783E-05,0.864931,2.517739E-06
0.8653966,-1.510643E-05,0.8653966,3.524834E-06
0.8658621,-2.232395E-05,0.8658621,4.531929E-06
0.8663276,-2.635233E-05,0.8663276,8.560311E-06
0.8667931,-2.299535E-05,0.8667931,1.040665E-05
0.8672586,-1.661708E-05,0.8672586,3.860533E-06
0.8677241,-1.15816E-05,0.8677241,-3.524834E-06
0.8681896,-9.567407E-06,0.8681896,-4.531929E-06
0.8686551,-1.258869E-05,0.8686551,-3.524834E-06
0.8691207,-1.493858E-05,0.8691207,-8.392462E-07
0.8695862,-1.225299E-05,0.8695862,8.392462E-07
0.8700517,-9.567407E-06,0.8700517,-1.007095E-06
0.8705172,-1.15816E-05,0.8705172,-3.189136E-06
0.8709828,-1.594568E-05,0.8709828,-2.18204E-06
0.8714483,-2.165255E-05,0.8714483,-3.356985E-07
0.8719138,-2.450599E-05,0.8719138,-2.18204E-06
0.8723793,-1.829557E-05,0.8723793,-4.36408E-06
0.8728448,-1.19173E-05,0.8728448,-8.89601E-06
0.8733103,-1.963836E-05,0.8733103,-1.577783E-05
0.8737758,-3.27306E-05,0.8737758,-2.18204E-05
0.8742414,-3.692683E-05,0.8742414,-2.198825E-05
0.8747069,-3.138781E-05,0.8747069,-1.846342E-05
0.8751724,-1.326009E-05,0.8751724,-1.493858E-05
0.8756379,9.063859E-06,0.8756379,-1.15816E-05
0.8761034,2.568093E-05,0.8761034,-8.89601E-06
0.876569,3.40734E-05,0.876569,-6.881819E-06
0.8770345,3.877317E-05,0.8770345,-5.539025E-06
0.8775,4.39765E-05,0.8775,-3.524834E-06
0.8779655,4.649424E-05,0.8779655,-4.196231E-06
0.878431,4.145876E-05,0.878431,-4.531929E-06
0.8788965,2.836652E-05,0.8788965,-3.189136E-06
0.879362,1.795987E-05,0.879362,-2.853437E-06
0.8798276,1.795987E-05,0.8798276,-1.510643E-06
0.8802931,2.098116E-05,0.8802931,-1.678492E-07
0.8807586,2.534523E-05,0.8807586,1.846342E-06
0.8812241,2.970932E-05,0.8812241,3.860533E-06
0.8816896,2.131685E-05,0.8816896,5.539025E-06
0.8821552,-2.299535E-05,0.8821552,5.203327E-06
0.8826207,-6.999313E-05,0.8826207,4.531929E-06
0.8830862,-6.965744E-05,0.8830862,1.007095E-06
0.8835517,-3.172351E-05,0.8835517,-1.510643E-06
0.8840172,8.224612E-06,0.8840172,2.517739E-06
0.8844827,2.937362E-05,0.8844827,9.903105E-06
0.8849483,2.534523E-05,0.8849483,1.258869E-05
0.8854138,1.393149E-05,0.8854138,8.560311E-06
0.8858793,1.258869E-05,0.8858793,1.846342E-06
0.8863448,3.860533E-06,0.8863448,-3.189136E-06
0.8868103,-2.970932E-05,0.8868103,-4.196231E-06
0.8872758,-6.596475E-05,0.8872758,-3.524834E-06
0.8877414,-6.025788E-05,0.8877414,-3.189136E-06
0.8882069,-2.853437E-05,0.8882069,-2.18204E-06
0.8886724,-1.258869E-05,0.8886724,3.189136E-06
0.8891379,-1.611353E-05,0.8891379,8.224612E-06
0.8896034,-2.500954E-05,0.8896034,8.89601E-06
0.8900689,-2.719158E-05,0.8900689,5.203327E-06
0.8905345,-2.299535E-05,0.8905345,-1.678492E-07
0.891,-1.225299E-05,0.891,-4.867628E-06
0.8914655,1.510643E-06,0.8914655,-1.19173E-05
0.891931,8.392462E-07,0.891931,-2.030976E-05
0.8923965,-1.292439E-05,0.8923965,-2.568093E-05
0.892862,-1.292439E-05,0.892862,-2.534523E-05
0.8933276,1.393149E-05,0.8933276,-2.030976E-05
0.8937931,4.196231E-05,0.8937931,-1.242084E-05
0.8942586,4.682994E-05,0.8942586,-6.881819E-06
0.8947241,3.323415E-05,0.8947241,-4.196231E-06
0.8951896,1.426719E-05,0.8951896,-1.510643E-06
0.8956552,-1.846342E-06,0.8956552,-8.392462E-07
0.8961207,-4.196231E-06,0.8961207,-2.18204E-06
0.8965862,5.539025E-06,0.8965862,-3.860533E-06
0.8970517,1.393149E-05,0.8970517,-5.203327E-06
0.8975172,5.203327E-06,0.8975172,-6.881819E-06
0.8979827,-1.644922E-05,0.8979827,-6.210422E-06
0.8984482,-2.668803E-05,0.8984482,-4.867628E-06
0.8989138,-2.098116E-05,0.8989138,-4.867628E-06
0.8993793,-1.225299E-05,0.8993793,-1.510643E-06
0.8998448,-1.15816E-05,0.8998448,2.18204E-06
0.9003103,-1.577783E-05,0.9003103,1.678492E-07
0.9007758,-1.829557E-05,0.9007758,-2.853437E-06
0.9012414,-1.980621E-05,0.9012414,-1.846342E-06
0.9017069,-2.568093E-05,0.9017069,2.517739E-06
0.9021724,-2.635233E-05,0.9021724,7.217518E-06
0.9026379,-1.19173E-05,0.9026379,8.728161E-06
0.9031034,8.728161E-06,0.9031034,9.231709E-06
0.9035689,2.467384E-05,0.9035689,8.224612E-06
0.9040344,3.172351E-05,0.9040344,3.860533E-06
0.9045,2.920577E-05,0.9045,-4.867628E-06
0.9049655,2.366674E-05,0.9049655,-1.02388E-05
0.905431,2.400244E-05,0.905431,-8.560311E-06
0.9058965,2.064546E-05,0.9058965,-6.881819E-06
0.9063621,1.12459E-05,0.9063621,-9.567407E-06
0.9068276,6.210422E-06,0.9068276,-1.19173E-05
0.9072931,8.560311E-06,0.9072931,-9.903105E-06
0.9077586,1.19173E-05,0.9077586,-4.196231E-06
0.9082241,9.231709E-06,0.9082241,1.174945E-06
0.9086896,8.392462E-07,0.9086896,7.217518E-06
0.9091551,-1.292439E-05,0.9091551,8.89601E-06
0.9096206,-2.165255E-05,0.9096206,7.888914E-06
0.9100862,-2.064546E-05,0.9100862,6.210422E-06
0.9105517,-1.762417E-05,0.9105517,3.524834E-06
0.9110172,-1.644922E-05,0.9110172,1.846342E-06
0.9114828,-1.795987E-05,0.9114828,2.517739E-06
0.9119483,-1.795987E-05,0.9119483,5.035477E-07
0.9124138,-1.762417E-05,0.9124138,-4.196231E-06
0.9128793,-1.040665E-05,0.9128793,-1.678492E-06
0.9133448,-1.678492E-07,0.9133448,3.524834E-06
0.9138103,8.224612E-06,0.9138103,6.210422E-06
0.9142758,1.997406E-05,0.9142758,6.210422E-06
0.9147413,3.40734E-05,0.9147413,6.54612E-06
0.9152068,3.071641E-05,0.9152068,4.36408E-06
0.9156724,1.527428E-05,0.9156724,-1.510643E-06
0.9161379,2.517739E-06,0.9161379,-3.189136E-06
0.9166034,-6.881819E-06,0.9166034,-2.014191E-06
0.917069,-1.359579E-05,0.917069,5.035477E-07
0.9175345,-1.560998E-05,0.9175345,1.846342E-06
0.918,-1.493858E-05,0.918,1.174945E-06
0.9184655,-1.426719E-05,0.9184655,-2.349889E-06
0.918931,-1.527428E-05,0.918931,-5.203327E-06
0.9193965,-2.098116E-05,0.9193965,-8.224612E-06
0.919862,-2.601663E-05,0.919862,-1.09102E-05
0.9203275,-2.232395E-05,0.9203275,-1.359579E-05
0.9207931,-1.544213E-05,0.9207931,-1.359579E-05
0.9212586,-1.225299E-05,0.9212586,-1.09102E-05
0.9217241,-1.359579E-05,0.9217241,-6.881819E-06
0.9221897,-1.426719E-05,0.9221897,-2.18204E-06
0.9226552,-1.292439E-05,0.9226552,-3.692683E-06
0.9231207,-9.903105E-06,0.9231207,-9.567407E-06
0.9235862,-6.210422E-06,0.9235862,-1.02388E-05
0.9240517,-5.203327E-06,0.9240517,-6.210422E-06
0.9245172,-5.035477E-06,0.9245172,-2.853437E-06
0.9249827,-2.853437E-06,0.9249827,3.356985E-07
0.9254482,-1.678492E-07,0.9254482,3.189136E-06
0.9259138,1.846342E-06,0.9259138,5.203327E-06
0.9263793,2.18204E-06,0.9263793,7.217518E-06
0.9268448,-1.174945E-06,0.9268448,7.217518E-06
0.9273103,-5.035477E-06,0.9273103,7.553216E-06
0.9277759,-1.02388E-05,0.9277759,8.560311E-06
0.9282414,-1.15816E-05,0.9282414,7.553216E-06
0.9287069,-1.275654E-05,0.9287069,1.846342E-06
0.9291724,-1.661708E-05,0.9291724,-2.853437E-06
0.9296379,-1.896696E-05,0.9296379,-5.874723E-06
0.9301034,-1.493858E-05,0.9301034,-8.89601E-06
0.9305689,-6.210422E-06,0.9305689,-7.553216E-06
0.9310344,1.678492E-07,0.9310344,-4.36408E-06
0.9315,1.678492E-06,0.9315,-5.203327E-06
0.9319655,1.678492E-06,0.9319655,-8.392462E-06
0.932431,3.860533E-06,0.932431,-8.560311E-06
0.9328966,7.049668E-06,0.9328966,-5.539025E-06
0.9333621,1.326009E-05,0.9333621,-1.510643E-06
0.9338276,2.198825E-05,0.9338276,1.846342E-06
0.9342931,2.433814E-05,0.9342931,5.203327E-06
0.9347586,2.232395E-05,0.9347586,7.721065E-06
0.9352241,1.393149E-05,0.9352241,9.231709E-06
0.9356896,5.874723E-06,0.9356896,1.05745E-05
0.9361551,1.678492E-07,0.9361551,3.524834E-06
0.9366207,5.874723E-06,0.9366207,-8.560311E-06
0.9370862,3.038071E-05,0.9370862,-1.728847E-05
0.9375517,5.841154E-05,0.9375517,-2.064546E-05
0.9380172,7.570001E-05,0.9380172,-1.695277E-05
0.9384828,7.77142E-05,0.9384828,-1.225299E-05
0.9389483,6.160067E-05,0.9389483,-8.560311E-06
0.9394138,3.27306E-05,0.9394138,-6.210422E-06
0.9398793,5.874723E-06,0.9398793,-3.189136E-06
0.9403448,-2.635233E-05,0.9403448,-8.392462E-07
0.9408103,-7.80499E-05,0.9408103,-1.678492E-07
0.9412758,-0.0001220264,0.9412758,-8.392462E-07
0.9417413,-0.0001255512,0.9417413,-8.392462E-07
0.9422069,-9.88632E-05,0.9422069,-1.510643E-06
0.9426724,-6.193637E-05,0.9426724,-1.510643E-06
0.9431379,-2.769513E-05,0.9431379,-2.853437E-06
0.9436035,-6.881819E-06,0.9436035,-4.196231E-06
0.944069,2.517739E-06,0.944069,-3.189136E-06
0.9445345,6.210422E-06,0.9445345,-3.356985E-07
0.945,0,0.945,0
0.9454655,0,0.9454655,0
0.945931,0,0.945931,0
0.9463965,0,0.9463965,0
0.946862,0,0.946862,0
0.9473276,0,0.9473276,0
0.9477931,0,0.9477931,0
0.9482586,0,0.9482586,0
0.9487241,0,0.9487241,0
0.9491897,0,0.9491897,0
0.9496552,0,0.9496552,0
0.9501207,0,0.9501207,0
0.9505862,0,0.9505862,0
0.9510517,0,0.9510517,0
0.9515172,0,0.9515172,0
0.9519827,0,0.9519827,0
0.9524482,0,0.9524482,0
0.9529138,0,0.9529138,0
0.9533793,0,0.9533793,0
0.9538448,0,0.9538448,0
0.9543103,0,0.9543103,0
0.9547759,0,0.9547759,0
0.9552414,0,0.9552414,0
0.9557069,0,0.9557069,0
0.9561724,0,0.9561724,0
0.9566379,0,0.9566379,0
0.9571034,0,0.9571034,0
0.9575689,0,0.9575689,0
0.9580345,0,0.9580345,0
0.9585,0,0.9585,0
0.9589655,0,0.9589655,0
0.959431,0,0.959431,0
0.9598965,0,0.9598965,0
0.9603621,0,0.9603621,0
0.9608276,0,0.9608276,0
0.9612931,0,0.9612931,0
0.9617586,0,0.9617586,0
0.9622241,0,0.9622241,0
0.9626896,0,0.9626896,0
0.9631552,0,0.9631552,0
0.9636207,0,0.9636207,0
0.9640862,0,0.9640862,0
0.9645517,0,0.9645517,0
0.9650172,0,0.9650172,0
0.9654827,0,0.9654827,0
0.9659483,0,0.9659483,0
0.9664138,0,0.9664138,0
0.9668793,0,0.9668793,0
0.9673448,0,0.9673448,0
0.9678103,0,0.9678103,0
0.9682758,0,0.9682758,0
0.9687414,0,0.9687414,0
0.9692069,0,0.9692069,0
0.9696724,0,0.9696724,0
0.9701379,0,0.9701379,0
0.9706034,0,0.9706034,0
0.9710689,0,0.9710689,0
0.9715345,0,0.9715345,0
0.972,0,0.972,0
0.9724655,0,0.9724655,0
0.972931,0,0.972931,0
0.9733965,0,0.9733965,0
0.9738621,0,0.9738621,0
0.9743276,0,0.9743276,0
0.9747931,0,0.9747931,0
0.9752586,0,0.9752586,0
0.9757241,0,0.9757241,0
0.9761896,0,0.9761896,0
0.9766551,0,0.9766551,0
0.9771207,0,0.9771207,0
0.9775862,0,0.9775862,0
0.9780517,0,0.9780517,0
0.9785172,0,0.9785172,0
0.9789827,0,0.9789827,0
0.9794483,0,0.9794483,0
0.9799138,0,0.9799138,0
0.9803793,0,0.9803793,0
0.9808448,0,0.9808448,0
0.9813103,0,0.9813103,0
0.9817758,0,0.9817758,0
0.9822413,0,0.9822413,0
0.9827069,0,0.9827069,0
0.9831724,0,0.9831724,0
0.9836379,0,0.9836379,0
0.9841034,0,0.9841034,0
0.984569,0,0.984569,0
0.9850345,0,0.9850345,0
0.9855,0,0.9855,0
0.9859655,0,0.9859655,0
0.986431,0,0.986431,0
0.9868965,0,0.9868965,0
0.987362,0,0.987362,0
0.9878275,0,0.9878275,0
0.9882931,0,0.9882931,0
0.9887586,0,0.9887586,0
0.9892241,0,0.9892241,0
0.9896896,0,0.9896896,0
0.9901552,0,0.9901552,0
0.9906207,0,0.9906207,0
0.9910862,0,0.9910862,0
0.9915517,0,0.9915517,0
0.9920172,0,0.9920172,0
0.9924827,0,0.9924827,0
0.9929482,0,0.9929482,0
0.9934137,0,0.9934137,0
0.9938793,0,0.9938793,0
0.9943448,0,0.9943448,0
0.9948103,0,0.9948103,0
0.9952759,0,0.9952759,0
0.9957414,0,0.9957414,0
0.9962069,0,0.9962069,0
0.9966724,0,0.9966724,0
0.9971379,0,0.9971379,0
0.9976034,0,0.9976034,0
0.9980689,0,0.9980689,0
0.9985344,0,0.9985344,0
0.999,0,0.999,0
0.9994655,0,0.9994655,0
