# kurt_ECR, kurt_FCU, skew_ECR, skew_FCU, SSC_ECR, SSC_FCU
6.566634626673018005e+00, 7.728778941892002763e+00, 2.225157642656867107e+00, 2.448646326025432085e+00, 1.000000000000000000e+00, 0.000000000000000000e+00
1.836294525101735786e+01, 4.003229148525835335e+00, 3.411164355228948342e+00, 1.857409048776414329e+00, 1.000000000000000000e+00, 0.000000000000000000e+00
8.527686457413762966e+00, 9.381520738369248491e+00, 2.476287933307951938e+00, 2.606437053783547508e+00, 0.000000000000000000e+00, 1.000000000000000000e+00
7.875763567113644115e+00, 5.686216384439635618e+00, 2.397221379495697136e+00, 2.169950186628283539e+00, 0.000000000000000000e+00, 1.000000000000000000e+00
1.051358357874830851e+01, 7.914248206103675187e+00, 2.860912901026171795e+00, 2.494787747431879144e+00, 0.000000000000000000e+00, 1.000000000000000000e+00
5.132384051156195781e+00, 7.049917782061093874e+00, 1.963685035842520632e+00, 2.248505242295371520e+00, 0.000000000000000000e+00, 2.000000000000000000e+00
1.396114974049295299e+01, 2.238595968343558340e+00, 2.881971640498129261e+00, 1.601293632571905601e+00, 0.000000000000000000e+00, 0.000000000000000000e+00
7.002952613953537409e+00, 6.382997994001533115e+00, 2.257207562962429304e+00, 2.240120423210170575e+00, 0.000000000000000000e+00, 1.000000000000000000e+00
4.007367442363232612e+00, 7.880905968970115083e+00, 1.769981098106832240e+00, 2.368426003967817550e+00, 0.000000000000000000e+00, 1.000000000000000000e+00
1.067740344176230671e+01, 6.896055144426203043e+00, 2.369820972064987874e+00, 2.388108308045800321e+00, 0.000000000000000000e+00, 1.000000000000000000e+00
9.301737084632581087e+00, 4.282661662914184042e+00, 2.767467386932177753e+00, 1.983865152664879172e+00, 0.000000000000000000e+00, 1.000000000000000000e+00
6.882069976094062014e+00, 7.980307590733279000e+00, 2.269807322234009384e+00, 2.376579699115271449e+00, 0.000000000000000000e+00, 0.000000000000000000e+00
5.187712564377683577e+00, 8.237062500560405454e+00, 1.904845208717014016e+00, 2.394969688973178634e+00, 0.000000000000000000e+00, 3.000000000000000000e+00
3.856981732265351681e+00, 8.640832497755702946e+00, 1.782427135810464192e+00, 2.488863081803404764e+00, 0.000000000000000000e+00, 1.000000000000000000e+00
1.127441269917419220e+01, 2.490168892572936166e+00, 2.899958651844623869e+00, 1.571668392836746309e+00, 3.000000000000000000e+00, 1.000000000000000000e+00
6.832892529291262562e+00, 5.301874291248729776e+00, 2.303323795424647269e+00, 2.115456116547854037e+00, 0.000000000000000000e+00, 2.000000000000000000e+00
1.865472932877167977e+01, 4.615038850015996452e+00, 3.587350343462142099e+00, 1.894764442092896406e+00, 1.000000000000000000e+00, 0.000000000000000000e+00
1.125866503009723196e+01, 1.154039044972243921e+01, 2.790841740731360598e+00, 2.733330912516329203e+00, 1.000000000000000000e+00, 2.000000000000000000e+00
8.184122457787692539e+00, 5.064652226204151120e+00, 2.483174750473251091e+00, 1.985979170624349033e+00, 0.000000000000000000e+00, 0.000000000000000000e+00
9.632809032576547636e+00, 6.318893023808264786e+00, 2.742627947181769166e+00, 2.333856603769792315e+00, 0.000000000000000000e+00, 0.000000000000000000e+00
8.682417769741023861e+00, 1.028840033273579913e+01, 2.585929095170070635e+00, 2.514663467874822089e+00, 0.000000000000000000e+00, 2.000000000000000000e+00
7.927944976645120434e+00, 7.092485588313561351e+00, 2.488074401708237904e+00, 2.291687108394851791e+00, 0.000000000000000000e+00, 2.000000000000000000e+00
1.109088350616920948e+01, 2.137444580767781233e+01, 2.773064780647125360e+00, 3.784785455114834551e+00, 1.000000000000000000e+00, 4.000000000000000000e+00
1.644722046177545849e+01, 6.621285921740875935e+00, 3.395080307016850707e+00, 2.134602462856418637e+00, 0.000000000000000000e+00, 0.000000000000000000e+00
1.766391874757274394e+01, 1.200638534876260621e+01, 3.399629013051389315e+00, 2.704880078962053069e+00, 0.000000000000000000e+00, 2.000000000000000000e+00
7.513000505498437676e+00, 7.531466037551043158e+00, 2.499863982207729762e+00, 2.440570320990230524e+00, 0.000000000000000000e+00, 4.000000000000000000e+00
1.247106731340621799e+01, 5.273140444345219890e+00, 2.981196263589167117e+00, 2.039822846278789292e+00, 0.000000000000000000e+00, 0.000000000000000000e+00
1.001964714351604080e+01, 3.845191180260361996e+00, 2.747792123506970441e+00, 1.903463071442874854e+00, 0.000000000000000000e+00, 0.000000000000000000e+00
7.176706242135065139e+00, 5.140927555773446400e+00, 2.474609633052084590e+00, 2.047219526633345499e+00, 0.000000000000000000e+00, 1.000000000000000000e+00
1.201132020022034830e+01, 3.958297923551133302e+00, 3.041217646828814125e+00, 1.878450734887174400e+00, 1.000000000000000000e+00, 0.000000000000000000e+00
5.061119431590512363e+00, 4.376354583416994792e+00, 2.076345604908731435e+00, 1.957104428145584718e+00, 0.000000000000000000e+00, 4.000000000000000000e+00
6.134818857142589010e+00, 5.887334733992888758e+00, 2.197035355683853552e+00, 2.215638584605376327e+00, 0.000000000000000000e+00, 1.400000000000000000e+01
3.357078545721977392e+00, 8.616787494016485027e+00, 1.775588529445446095e+00, 2.607049132066159292e+00, 0.000000000000000000e+00, 1.000000000000000000e+01
1.034183653600879005e+01, 5.639547501408559427e+00, 2.541272940673158676e+00, 2.260301122193457246e+00, 0.000000000000000000e+00, 7.000000000000000000e+00
5.443133305082556106e+00, 5.090839553735838408e+00, 2.048767595029242106e+00, 2.068164253409630060e+00, 0.000000000000000000e+00, 6.000000000000000000e+00
2.680779724441207712e+00, 3.132263053033689459e+00, 1.598104479247696164e+00, 1.730018582010113271e+00, 0.000000000000000000e+00, 1.400000000000000000e+01
4.865420315647570604e+00, 4.667706055922514530e+00, 1.938970687390576542e+00, 2.041603001610101664e+00, 0.000000000000000000e+00, 7.000000000000000000e+00
1.430471077589140805e+01, 3.784285210318736326e+00, 2.824511377918897725e+00, 1.861188435526317297e+00, 0.000000000000000000e+00, 5.000000000000000000e+00
1.026889890529020377e+01, 6.850961243128415035e+00, 2.577010510082905270e+00, 2.207108464505761258e+00, 0.000000000000000000e+00, 3.000000000000000000e+00
4.607568666978806071e+00, 5.048551179975989456e+00, 1.881735748648824647e+00, 2.087165307634525124e+00, 0.000000000000000000e+00, 6.000000000000000000e+00
5.019352950510626243e+00, 4.924249180173352336e+00, 1.933954322579030105e+00, 2.051124999159364748e+00, 0.000000000000000000e+00, 3.000000000000000000e+00
3.486681494954111393e+00, 5.339343257831592027e+00, 1.733682942368960367e+00, 2.021149014708052860e+00, 0.000000000000000000e+00, 4.000000000000000000e+00
6.055678394117165908e+00, 6.280693567596188132e+00, 2.005134061182166416e+00, 2.270815237468559289e+00, 0.000000000000000000e+00, 3.000000000000000000e+00
3.683330599919391268e+00, 3.778662352052284845e+00, 1.699840777989304774e+00, 1.904701031377265208e+00, 0.000000000000000000e+00, 5.000000000000000000e+00
4.161740218613342535e+00, 4.524670126112021684e+00, 1.835653397761877192e+00, 1.976935686827834937e+00, 0.000000000000000000e+00, 5.000000000000000000e+00
4.277690045925123918e+00, 8.447380261767813536e+00, 1.734462772533325925e+00, 2.406094042201044836e+00, 0.000000000000000000e+00, 8.000000000000000000e+00
7.081225786012804946e+00, 7.146014739501159951e+00, 2.180336585750850098e+00, 2.320320615953660237e+00, 0.000000000000000000e+00, 4.000000000000000000e+00
4.159251192873560043e+00, 3.936122992125594244e+00, 1.711594063925138354e+00, 1.902333096964744064e+00, 0.000000000000000000e+00, 1.300000000000000000e+01
4.397204035447016324e+00, 5.059498059958450256e+00, 1.808585392887477328e+00, 2.041623498938714310e+00, 0.000000000000000000e+00, 2.900000000000000000e+01
3.702517801829408484e+00, 7.929601538709837527e+00, 1.723833137684804839e+00, 2.455741543385299597e+00, 0.000000000000000000e+00, 1.600000000000000000e+01
4.044507784315236165e+00, 7.502334461455765435e+00, 1.691913896013331087e+00, 2.288243409894972658e+00, 0.000000000000000000e+00, 7.000000000000000000e+00
1.626942797642176686e+01, 5.183059780011424422e+00, 3.205650040045351812e+00, 2.112128616429964634e+00, 1.000000000000000000e+00, 1.300000000000000000e+01
6.810795750011571670e+00, 6.011819477385211385e+00, 1.989390559242154577e+00, 2.150436864632855993e+00, 0.000000000000000000e+00, 1.600000000000000000e+01
9.915939371866461016e+00, 5.185163470220670590e+00, 2.464278051981334983e+00, 2.050353280208397244e+00, 0.000000000000000000e+00, 1.500000000000000000e+01
1.945685377037668928e+01, 4.179720160422672137e+00, 3.271646684389588611e+00, 1.924321433409612592e+00, 1.000000000000000000e+00, 1.200000000000000000e+01
5.432980477547026510e+00, 8.791009062058865453e+00, 2.028338125116938340e+00, 2.525210696726594595e+00, 0.000000000000000000e+00, 1.700000000000000000e+01
4.294960788859662593e+00, 5.540739457926548539e+00, 1.685107779292187580e+00, 2.209139063248639623e+00, 0.000000000000000000e+00, 1.400000000000000000e+01
8.578116862514981733e+00, 1.595755770809829599e+01, 2.372762570414323147e+00, 3.046935605875479069e+00, 0.000000000000000000e+00, 5.000000000000000000e+00
4.287138886316174791e+00, 4.754025026649289387e+00, 1.849225497266983709e+00, 2.096020516763711150e+00, 0.000000000000000000e+00, 1.200000000000000000e+01
2.217225578242819850e+00, 3.587954911347525311e+00, 1.519776200298285085e+00, 1.843195543143909321e+00, 0.000000000000000000e+00, 1.900000000000000000e+01
1.083445239745289612e+01, 1.122834566731286898e+01, 3.010082988253928615e+00, 2.757350355256808161e+00, 5.000000000000000000e+00, 1.000000000000000000e+00
6.658805084161741661e+00, 1.917945841105797555e+01, 2.376551601248845014e+00, 3.302292517606998157e+00, 0.000000000000000000e+00, 2.000000000000000000e+00
1.121479456550938991e+01, 2.069923346797152064e+01, 3.052894989393228897e+00, 3.682400065626163510e+00, 0.000000000000000000e+00, 2.000000000000000000e+00
7.485251395497888538e+00, 5.230953169821606963e+00, 2.524523179580214549e+00, 2.042419491219820138e+00, 1.000000000000000000e+00, 0.000000000000000000e+00
1.629955117288873723e+01, 3.083187391933459587e+00, 3.245566530366949198e+00, 1.743066711929605273e+00, 1.000000000000000000e+00, 0.000000000000000000e+00
1.063317963767673646e+01, 3.654265761393442169e+00, 2.745697909689455596e+00, 1.845005475358921121e+00, 1.000000000000000000e+00, 0.000000000000000000e+00
1.202425441259610039e+01, 7.588247178321221753e+00, 3.112543795758769605e+00, 2.383958283856630445e+00, 0.000000000000000000e+00, 1.000000000000000000e+00
7.880317712919444162e+00, 5.937426490032757798e+00, 2.516600978126270149e+00, 2.261795638322331659e+00, 2.000000000000000000e+00, 6.000000000000000000e+00
1.232405400314991617e+01, 1.047924771973104718e+01, 2.935459753255196258e+00, 2.764418572004456731e+00, 2.000000000000000000e+00, 2.000000000000000000e+00
1.162158558008062670e+01, 1.037433996515404111e+01, 3.176330769902684814e+00, 2.480281513049182873e+00, 5.000000000000000000e+00, 1.000000000000000000e+00
9.992551988094085402e+00, 1.797146428488641234e+01, 2.896711598233992380e+00, 3.286390274596516115e+00, 1.000000000000000000e+00, 2.000000000000000000e+00
2.055200937073323431e+01, 8.124941660928556075e+00, 3.773466572525089546e+00, 2.574021921818355541e+00, 2.000000000000000000e+00, 0.000000000000000000e+00
1.840173817163612213e+01, 6.712050552474964960e+00, 3.504845408293212117e+00, 2.335468809095957443e+00, 2.000000000000000000e+00, 0.000000000000000000e+00
6.222564247657585312e+00, 3.969303671128967537e+00, 2.359503781982938531e+00, 1.911985710549941375e+00, 0.000000000000000000e+00, 0.000000000000000000e+00
2.232026621376700959e+01, 8.074554073357205652e+00, 3.694020554956266356e+00, 2.445101376464457577e+00, 2.000000000000000000e+00, 4.000000000000000000e+00
9.188131914693466129e+00, 3.175998703385870314e+00, 2.644420896166484347e+00, 1.801456670005039395e+00, 1.000000000000000000e+00, 0.000000000000000000e+00
1.492725456627557179e+01, 4.061719714320942032e+00, 3.244888553174973822e+00, 1.956911195132083892e+00, 1.000000000000000000e+00, 0.000000000000000000e+00
9.179526693051256458e+00, 5.566168927328762450e+00, 2.713034863872528124e+00, 2.080587565865845701e+00, 2.000000000000000000e+00, 1.000000000000000000e+00
1.364390699177537414e+01, 6.741899835612500169e+00, 3.288325323190858906e+00, 2.174349609559112828e+00, 3.000000000000000000e+00, 0.000000000000000000e+00
1.245776555753796977e+01, 6.149654450451471632e+00, 3.072967267467684671e+00, 2.354669568248540124e+00, 2.000000000000000000e+00, 1.000000000000000000e+00
5.445636366775776338e+00, 3.404367040957218649e+00, 2.217835249571276091e+00, 1.789496269200925971e+00, 0.000000000000000000e+00, 0.000000000000000000e+00
6.046207380319495783e+00, 3.315641270447029498e+00, 2.363515616797327024e+00, 1.780600459617499798e+00, 0.000000000000000000e+00, 0.000000000000000000e+00
8.660736115110033495e+00, 1.031826045389935054e+01, 2.508107410919988567e+00, 2.511032138910775480e+00, 0.000000000000000000e+00, 1.000000000000000000e+00
8.156036678859347688e+00, 7.553604917274356012e+00, 2.528459221043855454e+00, 2.454039558346192695e+00, 1.000000000000000000e+00, 0.000000000000000000e+00
7.979872528354128747e+00, 3.398623679412289711e+00, 2.561489286483732197e+00, 1.850696771256549411e+00, 1.000000000000000000e+00, 0.000000000000000000e+00
1.076853220032156955e+01, 6.140843268195183668e+00, 2.979352815109972408e+00, 2.294417879244765590e+00, 4.000000000000000000e+00, 1.000000000000000000e+00
6.417707554271510517e+00, 6.765616569834882910e+00, 2.407801042992085083e+00, 2.344055338768187280e+00, 1.000000000000000000e+00, 2.000000000000000000e+00
9.768054538244973273e+00, 1.292384427616448406e+01, 2.760104229298271594e+00, 2.880725636180718308e+00, 2.000000000000000000e+00, 2.000000000000000000e+00
8.397394522792929195e+00, 2.790062264530225988e+00, 2.519858582519513668e+00, 1.590000434418886277e+00, 2.000000000000000000e+00, 1.000000000000000000e+00
4.846957283346696954e+00, 4.460427343321506477e+00, 2.097525335378914502e+00, 1.896163562002893821e+00, 4.000000000000000000e+00, 6.000000000000000000e+00
1.779991511462620579e+01, 1.052039638665694810e+01, 3.343371425477432712e+00, 2.790916658500264269e+00, 2.300000000000000000e+01, 0.000000000000000000e+00
1.755602733776308000e+01, 6.109643588669596781e+00, 3.600212156444021705e+00, 2.269715742576949857e+00, 2.200000000000000000e+01, 0.000000000000000000e+00
1.086906893703741517e+01, 8.589198934884539227e+00, 2.849358324392082142e+00, 2.584957603946712368e+00, 3.400000000000000000e+01, 0.000000000000000000e+00
2.615035826985705825e+01, 5.195546457724507405e+00, 4.082766198398717350e+00, 2.082416916885322600e+00, 2.700000000000000000e+01, 0.000000000000000000e+00
1.468122716907638647e+01, 1.441528669137555241e+01, 3.094620353234283527e+00, 3.229420884052657037e+00, 3.000000000000000000e+01, 2.000000000000000000e+00
2.345983849244038666e+01, 8.620043363140121429e+00, 4.012676025845849814e+00, 2.520543197306103878e+00, 2.200000000000000000e+01, 0.000000000000000000e+00
9.464935510409242525e+00, 6.157181745706727938e+00, 2.716703046019997014e+00, 2.181986407716329346e+00, 3.900000000000000000e+01, 0.000000000000000000e+00
1.131834733125790216e+01, 7.413427624980473141e+00, 2.711954759587989372e+00, 2.343649941105153012e+00, 2.200000000000000000e+01, 1.000000000000000000e+00
1.268291177908550615e+01, 7.930859764217030872e+00, 3.043205269972112159e+00, 2.533534764683039509e+00, 2.400000000000000000e+01, 0.000000000000000000e+00
3.188798999081370766e+01, 1.239217589448657186e+01, 4.280827682824353886e+00, 2.980173930512903357e+00, 1.900000000000000000e+01, 0.000000000000000000e+00
1.594876847523575236e+01, 7.381094812654700021e+00, 3.291441728942755329e+00, 2.298436170445150140e+00, 2.800000000000000000e+01, 0.000000000000000000e+00
2.257335595664838479e+01, 8.496774805879947934e+00, 3.428614170479681977e+00, 2.466198760846080695e+00, 1.200000000000000000e+01, 0.000000000000000000e+00
9.411958763063861255e+00, 6.051385894450145742e+00, 2.706152375028587631e+00, 2.147484644855457869e+00, 3.800000000000000000e+01, 0.000000000000000000e+00
1.538586363837803717e+01, 5.723947517406690721e+00, 3.186682739924713736e+00, 2.160186081960537852e+00, 3.900000000000000000e+01, 0.000000000000000000e+00
1.233579997576947207e+01, 5.050668975121213933e+00, 2.882223436629461233e+00, 2.091373855661265324e+00, 2.100000000000000000e+01, 0.000000000000000000e+00
1.306911623733382299e+01, 6.805027937079429989e+00, 3.026360026836100392e+00, 2.232360435064008275e+00, 3.200000000000000000e+01, 0.000000000000000000e+00
1.527740023617208820e+01, 4.519262160788367844e+00, 3.209011347774813228e+00, 1.932467607396534781e+00, 3.900000000000000000e+01, 0.000000000000000000e+00
9.710798677662106471e+00, 9.362345682547621450e+00, 2.668719509796404488e+00, 2.580983220667832256e+00, 3.900000000000000000e+01, 0.000000000000000000e+00
6.406449417775872845e+00, 5.875265910420942816e+00, 2.289529640262146781e+00, 1.948102562953417216e+00, 2.100000000000000000e+01, 0.000000000000000000e+00
6.659052599264331462e+00, 6.192450326417839435e+00, 2.351083089575580765e+00, 2.149922295306470499e+00, 2.800000000000000000e+01, 0.000000000000000000e+00
8.639268771281777504e+00, 5.800533431292345554e+00, 2.526835237652211852e+00, 2.192210903145511924e+00, 5.200000000000000000e+01, 0.000000000000000000e+00
3.132881329542826165e+01, 6.945135805212153457e+00, 4.001851615302098431e+00, 2.319553213071962272e+00, 1.200000000000000000e+01, 0.000000000000000000e+00
1.039746205195490703e+01, 1.520987333756361792e+01, 2.707276866198213394e+00, 2.936729048759302518e+00, 3.200000000000000000e+01, 1.000000000000000000e+00
1.156956528427856767e+01, 8.165853188392102169e+00, 2.864029497082621223e+00, 2.383205389788413786e+00, 2.000000000000000000e+01, 0.000000000000000000e+00
1.286968219830497340e+01, 6.152887059977212303e+00, 2.975473665013388391e+00, 2.198114923502042295e+00, 3.800000000000000000e+01, 0.000000000000000000e+00
1.430273256078222133e+01, 3.842801009110488941e+00, 3.118359521271322876e+00, 1.799706137514647475e+00, 3.900000000000000000e+01, 0.000000000000000000e+00
9.088443621071624179e+00, 5.632023141525323240e+00, 2.548551360058310955e+00, 2.126752280252069749e+00, 3.400000000000000000e+01, 0.000000000000000000e+00
1.580013184700886697e+01, 7.169866378752134395e+00, 2.929550771684894084e+00, 2.255159069359677027e+00, 3.700000000000000000e+01, 0.000000000000000000e+00
6.777860371918920990e+00, 4.801811899379610615e+00, 2.264715522140335668e+00, 1.893326305947619526e+00, 3.800000000000000000e+01, 0.000000000000000000e+00
1.749373730604910548e+01, 1.747595106300470391e+01, 3.453114106053308596e+00, 2.964289514917493928e+00, 4.400000000000000000e+01, 1.000000000000000000e+00
5.234852545870907647e+00, 8.669014360102428540e+00, 2.116688073275817317e+00, 2.571135197582100851e+00, 4.000000000000000000e+00, 0.000000000000000000e+00
5.300182923667932755e+00, 5.306926081679106844e+00, 2.052673867423688403e+00, 2.048685425606458388e+00, 1.500000000000000000e+01, 0.000000000000000000e+00
3.573437791155599008e+00, 5.360498357115666579e+00, 1.817363078278813937e+00, 2.153662565272539631e+00, 9.000000000000000000e+00, 0.000000000000000000e+00
5.896566453333086599e+00, 6.570759556848214444e+00, 2.201220672764841346e+00, 2.242357243289919921e+00, 2.500000000000000000e+01, 2.000000000000000000e+00
5.639690461572511637e+00, 6.600024100622832179e+00, 2.061203508014999741e+00, 2.066161634943340708e+00, 1.700000000000000000e+01, 1.000000000000000000e+00
7.876332571087779399e+00, 1.336041695541355168e+01, 2.406497428366081603e+00, 2.879581861947938748e+00, 1.100000000000000000e+01, 2.000000000000000000e+00
4.810686792203097362e+00, 6.264785510209682329e+00, 1.944602790712522289e+00, 2.145655558805641849e+00, 1.500000000000000000e+01, 1.000000000000000000e+00
3.152118964583483063e+00, 4.826724427081877877e+00, 1.759502862540818224e+00, 1.954807588120972328e+00, 1.400000000000000000e+01, 0.000000000000000000e+00
1.382971466689985718e+01, 3.666129491089769488e+00, 2.871623443638048556e+00, 1.863217474588156897e+00, 1.200000000000000000e+01, 0.000000000000000000e+00
6.246681339091361806e+00, 7.191696662810624474e+00, 2.130998499965090165e+00, 2.360385970021765534e+00, 5.000000000000000000e+00, 0.000000000000000000e+00
8.651301185243370995e+00, 4.111315056855888272e+00, 2.469647175943946671e+00, 1.951759832903407377e+00, 6.000000000000000000e+00, 0.000000000000000000e+00
5.769676595788848061e+00, 6.321163715749149148e+00, 2.106598766566427194e+00, 2.282621654282503076e+00, 1.800000000000000000e+01, 0.000000000000000000e+00
1.091616497696225174e+01, 5.108769393319530394e+00, 2.564859517406434364e+00, 2.138091909067300289e+00, 1.700000000000000000e+01, 0.000000000000000000e+00
6.233713855762568201e+00, 6.617282867741208108e+00, 2.203193825419769158e+00, 2.274540123220595067e+00, 2.300000000000000000e+01, 0.000000000000000000e+00
5.411277583078636155e+00, 3.513622565846435286e+00, 2.111045195177230216e+00, 1.783134024699157827e+00, 2.100000000000000000e+01, 0.000000000000000000e+00
5.733877791961596415e+00, 4.316981920040134035e+00, 2.131133423885728462e+00, 2.013042595937139190e+00, 1.200000000000000000e+01, 0.000000000000000000e+00
6.842343714718303715e+00, 5.638982127834784919e+00, 2.261488539950813337e+00, 2.206656909016193602e+00, 1.900000000000000000e+01, 0.000000000000000000e+00
4.650516733374417733e+00, 3.759977625869542095e+00, 2.027421560744423701e+00, 1.869024133182469072e+00, 1.900000000000000000e+01, 0.000000000000000000e+00
6.714653405069389791e+00, 6.726005800528792378e+00, 2.250554985075419623e+00, 2.267816118675466175e+00, 1.800000000000000000e+01, 1.000000000000000000e+00
8.401449130870625837e+00, 7.118265378482568906e+00, 2.307400061738121178e+00, 2.309639822311419621e+00, 1.600000000000000000e+01, 1.000000000000000000e+00
5.499311837986436302e+00, 3.309907319172298301e+00, 2.064984858997672479e+00, 1.716047739376008074e+00, 1.300000000000000000e+01, 1.000000000000000000e+00
5.045746832545198401e+00, 3.515022551098990533e+00, 1.950834286063548584e+00, 1.789371874052443134e+00, 1.600000000000000000e+01, 0.000000000000000000e+00
3.621306345766329038e+00, 6.056721340728756786e+00, 1.793478948998752820e+00, 2.158089368288932164e+00, 1.300000000000000000e+01, 1.000000000000000000e+00
7.205825615598083544e+00, 4.218461744186805973e+00, 2.155649293212034134e+00, 1.838365331706460992e+00, 1.800000000000000000e+01, 0.000000000000000000e+00
8.862445833587557331e+00, 2.622256368515656355e+00, 2.507939078176331993e+00, 1.611219820678558179e+00, 1.900000000000000000e+01, 0.000000000000000000e+00
5.875089544694827026e+00, 3.108894205458781812e+00, 2.105787714619301809e+00, 1.754969360452843574e+00, 2.600000000000000000e+01, 0.000000000000000000e+00
5.089553643442117803e+00, 2.889378214451379101e+00, 1.994967989820658483e+00, 1.619944440921017970e+00, 1.700000000000000000e+01, 0.000000000000000000e+00
5.153029682568632808e+00, 8.743139201226957979e+00, 1.965928074293271877e+00, 2.377287593608020000e+00, 1.700000000000000000e+01, 1.000000000000000000e+00
8.858307302570475272e+00, 5.544702957609203509e+00, 2.497524729295911960e+00, 2.120117005960948209e+00, 2.100000000000000000e+01, 1.000000000000000000e+00
7.453737317741300217e+00, 1.473041717817350715e+00, 2.153534067081221526e+00, 1.378882847338474438e+00, 5.000000000000000000e+00, 0.000000000000000000e+00
2.904441982661520427e+01, 1.049416324057074235e+01, 3.888040306610712538e+00, 2.630889857546073074e+00, 6.000000000000000000e+00, 0.000000000000000000e+00
9.553528987223355529e+00, 1.026901265747365244e+01, 2.425407343366824175e+00, 2.403616453685313292e+00, 6.000000000000000000e+00, 0.000000000000000000e+00
8.518677428010020591e+00, 4.351521315939443468e+00, 2.428224085062442139e+00, 1.801083277654373482e+00, 1.100000000000000000e+01, 0.000000000000000000e+00
2.124622476720232456e+01, 5.824554746000499605e+00, 3.310379107179235003e+00, 2.041080853852467403e+00, 4.000000000000000000e+00, 0.000000000000000000e+00
1.101705431025840909e+01, 6.069600228997414249e+00, 2.491083070465673455e+00, 2.089867215702086778e+00, 2.000000000000000000e+00, 0.000000000000000000e+00
1.791550091986560034e+01, 5.525580182552923603e+00, 3.457864333724669059e+00, 1.984211178355589134e+00, 9.000000000000000000e+00, 0.000000000000000000e+00
1.573688110487488601e+01, 7.808917289105107074e+00, 3.162044453319274862e+00, 2.367242630107511125e+00, 1.500000000000000000e+01, 0.000000000000000000e+00
6.864516548378080785e+00, 8.506275977866511795e+00, 2.281301571464719125e+00, 2.473384269462646223e+00, 8.000000000000000000e+00, 0.000000000000000000e+00
2.036377766366619824e+01, 7.697808844962120034e+00, 3.536079332089378191e+00, 2.345226699959709560e+00, 1.100000000000000000e+01, 0.000000000000000000e+00
1.177186385092540633e+01, 8.713872014210778616e+00, 2.715795500904690574e+00, 2.479647033624108765e+00, 9.000000000000000000e+00, 0.000000000000000000e+00
1.125577824575743513e+01, 5.229747715824711207e+00, 2.831762825379305681e+00, 1.942352283058544682e+00, 1.600000000000000000e+01, 0.000000000000000000e+00
1.229327128836913197e+01, 7.666717383683067766e+00, 2.849319062817403658e+00, 2.267466351873023367e+00, 1.000000000000000000e+01, 0.000000000000000000e+00
1.242838530648030293e+01, 3.028583290890352941e+00, 3.000904730737551152e+00, 1.580696980135630092e+00, 1.700000000000000000e+01, 0.000000000000000000e+00
1.508994906594552887e+01, 6.758208294163004837e+00, 2.841635133523429335e+00, 2.059101638434279291e+00, 4.000000000000000000e+00, 0.000000000000000000e+00
1.488937138829804852e+01, 5.454372955622593722e+00, 3.075016649075074326e+00, 1.917144762762176047e+00, 8.000000000000000000e+00, 0.000000000000000000e+00
9.250895543959735789e+00, 6.351032519026137635e+00, 2.441633747203108218e+00, 2.162692528094141142e+00, 7.000000000000000000e+00, 0.000000000000000000e+00
5.819803752869868063e+00, 9.606741192720571476e+00, 2.166685407043162037e+00, 2.390189975331931116e+00, 1.000000000000000000e+00, 0.000000000000000000e+00
6.066490017910526333e+00, 3.662339675614259882e+00, 2.225742689245467698e+00, 1.702752687649136787e+00, 2.000000000000000000e+00, 0.000000000000000000e+00
2.286913042700169996e+01, 2.102830205452066004e+00, 3.569405281770067440e+00, 1.434579939889523370e+00, 6.000000000000000000e+00, 0.000000000000000000e+00
1.491377440838862967e+01, 6.988230360197382751e+00, 3.077520100574659523e+00, 2.250861769147803226e+00, 8.000000000000000000e+00, 0.000000000000000000e+00
4.733165136753115831e+01, 6.278005198568571643e+00, 5.021328750724138423e+00, 2.020798201528750226e+00, 5.000000000000000000e+00, 0.000000000000000000e+00
1.263814492967939529e+01, 7.303431748303083282e+00, 2.890645002672375785e+00, 2.191018466818341448e+00, 3.500000000000000000e+01, 0.000000000000000000e+00
9.545630380778954205e+00, 1.938525134447433373e+01, 2.587348559600259001e+00, 3.208237767629540826e+00, 1.100000000000000000e+01, 1.000000000000000000e+00
4.794916576642422434e+00, 5.810766634755731630e+00, 1.982470441916157400e+00, 1.923207338808572420e+00, 7.000000000000000000e+00, 0.000000000000000000e+00
3.229161955639737158e+01, 9.940606587989568865e+00, 4.469300115195412815e+00, 2.474198651120270931e+00, 7.000000000000000000e+00, 0.000000000000000000e+00
1.393808641626586109e+01, 8.817656343647440664e+00, 2.909439788383854086e+00, 2.323900452671376460e+00, 5.000000000000000000e+00, 0.000000000000000000e+00
6.356936115923536690e+00, 2.734042481002339819e+00, 2.272925149776146458e+00, 1.494402566509291042e+00, 1.000000000000000000e+00, 0.000000000000000000e+00
4.981507735781060653e+00, 3.966992791849445865e+00, 1.975004249507266829e+00, 1.750194003147974797e+00, 5.000000000000000000e+00, 0.000000000000000000e+00
1.226563346512427799e+01, 3.502517324443264357e+00, 2.645487307389445597e+00, 1.681189939561862134e+00, 7.000000000000000000e+00, 0.000000000000000000e+00
1.676984313651534109e+01, 6.244349253123164800e+00, 3.377317011677621217e+00, 2.124813518301683413e+00, 1.400000000000000000e+01, 0.000000000000000000e+00
9.270113222945761677e+00, 3.024970618485121321e+01, 2.628364403810876659e+00, 4.622023477269178393e+00, 5.100000000000000000e+01, 0.000000000000000000e+00
5.725827881043793255e+00, 1.173275276526715949e+01, 2.246352617148721365e+00, 3.036786913042664793e+00, 4.800000000000000000e+01, 0.000000000000000000e+00
6.882535866494738030e+00, 1.448084236071863273e+01, 2.270460444006384026e+00, 3.402965660086115118e+00, 4.900000000000000000e+01, 0.000000000000000000e+00
6.504523075357163009e+00, 5.979498275769220328e+00, 2.316155618961014184e+00, 2.169366874922413757e+00, 3.700000000000000000e+01, 0.000000000000000000e+00
1.160176756683378230e+01, 1.237091362508310866e+01, 2.875116680975872363e+00, 2.831473554988605201e+00, 3.300000000000000000e+01, 0.000000000000000000e+00
8.059007786296877640e+00, 1.557095106214945446e+01, 2.482327503771451838e+00, 3.310563158607233714e+00, 2.900000000000000000e+01, 0.000000000000000000e+00
7.866413803322915399e+00, 6.775056743720535124e+00, 2.427735161482764692e+00, 2.194525599965262863e+00, 4.300000000000000000e+01, 0.000000000000000000e+00
4.735173757907078951e+00, 6.588108849963933977e+00, 2.099415520082189346e+00, 2.371123478275021235e+00, 3.000000000000000000e+01, 0.000000000000000000e+00
1.409687980849209055e+01, 5.978782044385944516e+00, 3.230130657157661567e+00, 2.280315512186601445e+00, 3.200000000000000000e+01, 0.000000000000000000e+00
4.257473804229315206e+00, 2.481001927297663556e+01, 2.006035033543396295e+00, 4.144099142940374847e+00, 3.900000000000000000e+01, 0.000000000000000000e+00
1.248590893811690528e+01, 2.160785642559036290e+01, 2.880419707793399731e+00, 3.827305820974990613e+00, 4.300000000000000000e+01, 0.000000000000000000e+00
5.553732453153394033e+00, 4.816114875344447377e+00, 2.238874935234897556e+00, 2.024950490257403146e+00, 5.300000000000000000e+01, 0.000000000000000000e+00
1.053485631600205785e+01, 5.556433051603418249e+01, 2.707928304599785285e+00, 6.663540608159748579e+00, 3.400000000000000000e+01, 3.000000000000000000e+00
8.598529335534401241e+00, 2.529520176912280505e+01, 2.604447168629184794e+00, 3.852136286524049602e+00, 4.200000000000000000e+01, 0.000000000000000000e+00
8.821529294799807630e+00, 3.722025665613823087e+00, 2.518225341854379185e+00, 1.928039795031681214e+00, 5.900000000000000000e+01, 0.000000000000000000e+00
4.212342602241363920e+00, 2.020897694194388095e+01, 2.000833412850795412e+00, 3.603314833688126217e+00, 5.200000000000000000e+01, 0.000000000000000000e+00
7.541771428339785643e+00, 3.059289740509622391e+01, 2.507159036401228835e+00, 4.673665859932336630e+00, 4.800000000000000000e+01, 0.000000000000000000e+00
8.780020122624891954e+00, 2.524758654648108092e+01, 2.506727812181373860e+00, 4.033076004998455311e+00, 5.200000000000000000e+01, 0.000000000000000000e+00
9.341300796051992705e+00, 1.440356141892853969e+01, 2.567015411435547012e+00, 3.192492668983263560e+00, 4.300000000000000000e+01, 0.000000000000000000e+00
6.048698792579207506e+00, 2.845851221820005605e+01, 2.319459551812858233e+00, 4.275345615621272799e+00, 5.000000000000000000e+01, 0.000000000000000000e+00
4.576998565724449186e+00, 4.765188479526673682e+00, 2.040578716517913893e+00, 1.971757122249819361e+00, 4.000000000000000000e+01, 0.000000000000000000e+00
9.796612537263298393e+00, 2.563967872146157134e+01, 2.766206690473544061e+00, 4.180797333103796198e+00, 5.400000000000000000e+01, 0.000000000000000000e+00
8.524732294634222995e+00, 1.123003947094744781e+01, 2.499903169229416910e+00, 2.737250012766808904e+00, 4.500000000000000000e+01, 0.000000000000000000e+00
8.656763921563285891e+00, 8.892309659851223458e+00, 2.580082251075354716e+00, 2.513475761771020167e+00, 3.100000000000000000e+01, 0.000000000000000000e+00
6.525999750770759888e+00, 2.638430107519253198e+01, 2.328052164611706942e+00, 4.052559404704776824e+00, 4.900000000000000000e+01, 0.000000000000000000e+00
9.212108327835546007e+00, 4.834520886404839501e+01, 2.593002696346089486e+00, 5.478618506864040505e+00, 5.200000000000000000e+01, 0.000000000000000000e+00
8.327065530916334168e+00, 3.476229501987210924e+00, 2.570281973979217316e+00, 1.819510935178153987e+00, 5.100000000000000000e+01, 0.000000000000000000e+00
9.736125139088144920e+00, 6.063613456505917654e+00, 2.731615879176570338e+00, 2.142169526057787987e+00, 6.000000000000000000e+01, 0.000000000000000000e+00
6.864455062086257442e+00, 7.541778710917308004e+00, 2.336094769828602313e+00, 2.351189003775091546e+00, 5.700000000000000000e+01, 0.000000000000000000e+00
6.455576326639592466e+00, 4.293331855055563473e+00, 2.263044988324132145e+00, 1.923479132065900155e+00, 5.800000000000000000e+01, 0.000000000000000000e+00
7.676423254033100108e+00, 5.851843966270958930e+00, 2.445615413279350392e+00, 2.218890583402445493e+00, 6.800000000000000000e+01, 0.000000000000000000e+00
4.208358396886541009e+00, 2.931249478435904443e+00, 1.895255782198046468e+00, 1.612311058612627690e+00, 7.600000000000000000e+01, 0.000000000000000000e+00
6.701333202252591548e+00, 8.831891801967731936e+00, 2.389507301890174684e+00, 2.395719111885633801e+00, 6.200000000000000000e+01, 0.000000000000000000e+00
1.274601937810701990e+01, 2.932978410295934424e+00, 2.967891532333122306e+00, 1.664399877535872152e+00, 5.100000000000000000e+01, 0.000000000000000000e+00
1.015308206824495585e+01, 1.227173807915104042e+01, 2.710810604408402380e+00, 2.750970011543901084e+00, 5.700000000000000000e+01, 0.000000000000000000e+00
5.283935114532708255e+00, 5.858845591237718864e+00, 2.142500354095840276e+00, 2.193605968952127228e+00, 3.300000000000000000e+01, 0.000000000000000000e+00
7.950328352703397883e+00, 5.260727043488689247e+00, 2.439494982924881761e+00, 2.104180169739523265e+00, 4.900000000000000000e+01, 0.000000000000000000e+00
4.290361740520404865e+00, 1.274650316763900193e+01, 1.952339119845622362e+00, 2.734921696502718103e+00, 5.300000000000000000e+01, 0.000000000000000000e+00
5.918340257994746167e+00, 2.323994580876465932e+00, 2.244384252665565516e+00, 1.520024292966334567e+00, 5.800000000000000000e+01, 0.000000000000000000e+00
4.203652328005444083e+00, 7.624363235415220430e+00, 2.034002142440421323e+00, 2.335756791394195009e+00, 5.000000000000000000e+01, 0.000000000000000000e+00
7.003627691887700735e+00, 2.782190357349520582e+00, 2.422347822473976731e+00, 1.690182783223096230e+00, 4.100000000000000000e+01, 0.000000000000000000e+00
4.346526347990973704e+00, 2.256987352168194683e+00, 2.072703446038443253e+00, 1.479385084417661700e+00, 5.000000000000000000e+01, 0.000000000000000000e+00
6.390958674610516255e+00, 3.198094936483615314e+00, 2.284607600729902543e+00, 1.747035902584194389e+00, 4.600000000000000000e+01, 0.000000000000000000e+00
5.356635368602221448e+00, 2.756180835946830499e+00, 2.249544666211013233e+00, 1.674609403164277532e+00, 4.600000000000000000e+01, 0.000000000000000000e+00
6.352853952123778569e+00, 2.988370512528806699e+01, 2.344161701955212784e+00, 4.096372120412492102e+00, 5.400000000000000000e+01, 0.000000000000000000e+00
9.581237195328462519e+00, 3.879502324557845938e+00, 2.632771723214696102e+00, 1.769187230196731075e+00, 4.500000000000000000e+01, 0.000000000000000000e+00
8.888805407460882435e+00, 3.172690531893412214e+00, 2.629428933191009232e+00, 1.726875155325388267e+00, 4.700000000000000000e+01, 0.000000000000000000e+00
6.285398606638674224e+00, 3.399781614892767756e+00, 2.267585055731434984e+00, 1.772988595233362163e+00, 6.200000000000000000e+01, 0.000000000000000000e+00
7.647934917639775065e+00, 3.520241763802925306e+00, 2.432333400831341752e+00, 1.758415792334315553e+00, 5.300000000000000000e+01, 0.000000000000000000e+00
5.078576152560277279e+00, 2.645785237686125946e+00, 1.993826570124177744e+00, 1.568606774655418423e+00, 4.500000000000000000e+01, 0.000000000000000000e+00
7.810687154793852116e+00, 7.248430921340945687e+00, 2.462815437521387540e+00, 2.343582919888528515e+00, 7.100000000000000000e+01, 0.000000000000000000e+00
7.019722141771135071e+00, 1.202832632917099964e+00, 2.387163786082947325e+00, 1.321022249199690801e+00, 4.700000000000000000e+01, 0.000000000000000000e+00
1.061856661995423856e+01, 3.531367062087937825e+00, 2.679506996210186287e+00, 1.759556127145856630e+00, 3.700000000000000000e+01, 0.000000000000000000e+00
5.730308090932169307e+00, 7.576288468932638409e+01, 2.268835515048595486e+00, 7.239883954390888832e+00, 4.900000000000000000e+01, 1.000000000000000000e+00
7.929429566367289794e+00, 8.881384724053159374e+00, 2.405627997405475949e+00, 2.362878787924669766e+00, 4.100000000000000000e+01, 0.000000000000000000e+00
9.606862410579330103e+00, 4.635877182555014464e+00, 2.714202726606105287e+00, 1.995938993401221273e+00, 4.800000000000000000e+01, 0.000000000000000000e+00
6.488241421783135010e+00, 2.803764686347196111e+00, 2.275746936237430518e+00, 1.701952263121960129e+00, 5.100000000000000000e+01, 0.000000000000000000e+00
5.433629875639855555e+00, 3.092143924667229982e+00, 2.145799561914061737e+00, 1.708049225984382025e+00, 5.100000000000000000e+01, 0.000000000000000000e+00
1.024420412161789784e+01, 2.481901093084767140e+00, 2.833089291357430373e+00, 1.604219429198067370e+00, 4.900000000000000000e+01, 0.000000000000000000e+00
8.034883123407999150e+00, 2.941951211807697142e+00, 2.464326735340126362e+00, 1.677633832541745695e+00, 5.300000000000000000e+01, 0.000000000000000000e+00
6.628209496881273921e+00, 1.948462599549985441e+01, 2.325684428959389649e+00, 3.491102322174365558e+00, 5.500000000000000000e+01, 0.000000000000000000e+00
7.207147454626291250e+00, 6.619719927645407509e+00, 2.361292515818520510e+00, 2.231303318375277733e+00, 6.300000000000000000e+01, 0.000000000000000000e+00
5.559902161368363238e+00, 6.606461836608350069e+00, 2.189864818839211136e+00, 2.060365841512928231e+00, 5.000000000000000000e+01, 0.000000000000000000e+00
1.147437689737362909e+01, 5.291366729939596780e+01, 2.871900557195588455e+00, 5.521083470180191632e+00, 5.300000000000000000e+01, 0.000000000000000000e+00
9.287340373923219872e+00, 2.829879999325275897e+00, 2.579259195588992970e+00, 1.709028892087109064e+00, 5.200000000000000000e+01, 0.000000000000000000e+00
1.330459768774355211e+01, 6.027161776504367907e+00, 2.983827886307188315e+00, 2.128351776636781434e+00, 5.000000000000000000e+01, 0.000000000000000000e+00
5.308574717489323191e+00, 5.178409623421329044e+00, 2.174827328594623577e+00, 1.878654575750046352e+00, 5.200000000000000000e+01, 0.000000000000000000e+00
8.565513873917453225e+00, 8.163022213873816213e+00, 2.457839551322488880e+00, 2.306260677485247435e+00, 5.500000000000000000e+01, 0.000000000000000000e+00
6.478031856566063951e+00, 3.659265096031322884e+00, 2.324431384658033561e+00, 1.778998138110811311e+00, 5.900000000000000000e+01, 0.000000000000000000e+00
5.918039684756045915e+00, 1.828611063594695274e+00, 2.234072475641469158e+00, 1.510582940485414083e+00, 5.300000000000000000e+01, 0.000000000000000000e+00
6.804450668577521455e+00, 4.994920464386294334e+00, 2.266898339932916784e+00, 2.011137883815487637e+00, 3.400000000000000000e+01, 0.000000000000000000e+00
7.457198197758987845e+00, 5.554431038809058307e+00, 2.386703539257258200e+00, 2.144319444835597555e+00, 3.600000000000000000e+01, 0.000000000000000000e+00
1.137431557261309045e+01, 3.818736348554602422e+00, 2.944060645037729795e+00, 1.899894522913130990e+00, 3.900000000000000000e+01, 0.000000000000000000e+00
6.407207408823488493e+00, 1.657264812854862157e+01, 2.355022778736132860e+00, 2.972070932915955144e+00, 5.300000000000000000e+01, 0.000000000000000000e+00
7.609956522820310099e+00, 2.530177815859367740e+00, 2.475670428424346703e+00, 1.624211301207454827e+00, 3.500000000000000000e+01, 0.000000000000000000e+00
5.801834618121620935e+00, 3.561994841746677132e+00, 2.242456108437165252e+00, 1.757531022959339051e+00, 5.200000000000000000e+01, 0.000000000000000000e+00
4.327292100881533266e+00, 3.706420258477692187e+00, 1.936043972445849581e+00, 1.812243018272384543e+00, 4.800000000000000000e+01, 0.000000000000000000e+00
5.357878740590013678e+00, 4.722675226564929218e+00, 2.147328726244177144e+00, 2.032083678743431321e+00, 5.600000000000000000e+01, 0.000000000000000000e+00
4.716340483366765923e+00, 5.959967893607741374e+00, 2.080787736430931290e+00, 1.972801946988483435e+00, 6.100000000000000000e+01, 0.000000000000000000e+00
9.671106596906254182e+00, 7.080417735570973647e+00, 2.564652450816010454e+00, 2.186658600819074927e+00, 5.800000000000000000e+01, 0.000000000000000000e+00
5.227547931210740018e+00, 3.619761573957882561e+00, 2.101302385661950822e+00, 1.690086230082819441e+00, 5.100000000000000000e+01, 0.000000000000000000e+00
6.756434684477893526e+00, 1.831344782881244804e+00, 2.207863843125875025e+00, 1.467581339302075349e+00, 5.900000000000000000e+01, 0.000000000000000000e+00
5.179689373179938272e+00, 4.920003006769692711e+00, 2.124750394665710918e+00, 2.060624109566615125e+00, 5.700000000000000000e+01, 0.000000000000000000e+00
8.236864004670666262e+00, 4.967499037318738431e+00, 2.445594431920463219e+00, 2.018144447734119495e+00, 5.500000000000000000e+01, 0.000000000000000000e+00
6.909449145018523808e+00, 2.592622827452203182e+00, 2.421372570350343256e+00, 1.569539710402392485e+00, 5.000000000000000000e+01, 0.000000000000000000e+00
7.048359582106025201e+00, 4.418229907671597623e+00, 2.495515813596430821e+00, 1.870800658023724417e+00, 4.800000000000000000e+01, 0.000000000000000000e+00
1.365773433878599263e+01, 4.181399716054519544e+00, 3.016282571195136430e+00, 1.906784285337253193e+00, 4.100000000000000000e+01, 0.000000000000000000e+00
7.004896858431926887e+00, 4.937844452366667802e+00, 2.432318916336351222e+00, 1.996738483495425598e+00, 4.000000000000000000e+01, 0.000000000000000000e+00
1.095042559846198493e+01, 3.723482084152910154e+00, 2.822265445069872314e+00, 1.748055996742631679e+00, 6.800000000000000000e+01, 0.000000000000000000e+00
6.299007402583839621e+00, 3.741059443164103548e+00, 2.245805192588149701e+00, 1.604135752132669124e+00, 7.300000000000000000e+01, 0.000000000000000000e+00
1.539959795392899622e+01, 8.831782710822612614e+01, 3.274971285139434585e+00, 7.718083575569925081e+00, 0.000000000000000000e+00, 0.000000000000000000e+00
1.403626341488769214e+01, 1.853200376837720498e+01, 2.884602316901073937e+00, 3.074861736120142020e+00, 0.000000000000000000e+00, 0.000000000000000000e+00
6.027626002334056210e+00, 4.265856202181247170e+00, 2.226446669857684579e+00, 1.806154764903816545e+00, 0.000000000000000000e+00, 0.000000000000000000e+00
4.883975017245195005e+00, 4.100302876209828362e+00, 2.035208702402552472e+00, 1.831123517461398897e+00, 0.000000000000000000e+00, 0.000000000000000000e+00
5.662309581881167730e+00, 1.347536340021217072e+01, 2.042124377866316731e+00, 2.867275100877784144e+00, 0.000000000000000000e+00, 0.000000000000000000e+00
7.376384932017927554e+00, 6.557757483179454283e+00, 2.458423580352177673e+00, 2.154614170603529999e+00, 0.000000000000000000e+00, 0.000000000000000000e+00
1.041076206858808462e+01, 4.938957246353250952e+00, 2.701811908628641401e+00, 1.910875594395823329e+00, 0.000000000000000000e+00, 0.000000000000000000e+00
4.933800616375224024e+01, 6.543546410536682956e+00, 5.713851804614032304e+00, 2.160930440569478694e+00, 2.000000000000000000e+00, 0.000000000000000000e+00
6.253846491933400031e+00, 6.576176731155982225e+00, 2.152553637667624642e+00, 2.150819662451964653e+00, 0.000000000000000000e+00, 0.000000000000000000e+00
9.855908906151032767e+00, 5.106602049259857168e+00, 2.458901617855190569e+00, 2.005923378915575039e+00, 0.000000000000000000e+00, 0.000000000000000000e+00
1.274232515666549581e+01, 7.323272551328090074e+00, 2.763334852241689621e+00, 2.104142168478730035e+00, 0.000000000000000000e+00, 0.000000000000000000e+00
1.022710238366275703e+01, 8.401443555235665883e+00, 2.686906777416004477e+00, 2.323084913428612008e+00, 0.000000000000000000e+00, 0.000000000000000000e+00
7.905991360039561044e+00, 5.430275276413254915e+00, 2.386912607698271849e+00, 2.007777572222587459e+00, 0.000000000000000000e+00, 0.000000000000000000e+00
7.153436850184819562e+00, 1.855171277956171139e+01, 2.289517833939506808e+00, 3.218469741960045649e+00, 0.000000000000000000e+00, 0.000000000000000000e+00
9.579071476961606990e+00, 7.772383620788275493e+00, 2.592248824665423612e+00, 2.402822155143486071e+00, 0.000000000000000000e+00, 0.000000000000000000e+00
9.071326996553061406e+00, 3.346524842492321739e+00, 2.398625630973709733e+00, 1.629842156859806934e+00, 0.000000000000000000e+00, 0.000000000000000000e+00
6.556127376399889073e+00, 6.539295081246567776e+00, 2.209390352349992703e+00, 2.127870760289379160e+00, 0.000000000000000000e+00, 0.000000000000000000e+00
5.985184458255236706e+00, 5.588911477230041669e+00, 2.220502918335109044e+00, 1.991640158972905805e+00, 0.000000000000000000e+00, 0.000000000000000000e+00
7.770424286596599117e+00, 3.190817027837217879e+00, 2.298547853336334157e+00, 1.635748186036107388e+00, 0.000000000000000000e+00, 0.000000000000000000e+00
1.904324910463910570e+01, 8.537044816574049122e+00, 3.301391983206874325e+00, 2.312435040252116991e+00, 0.000000000000000000e+00, 0.000000000000000000e+00
8.316773494518390208e+00, 7.151184472170497131e+00, 2.407683307843368592e+00, 2.210074546525296224e+00, 0.000000000000000000e+00, 0.000000000000000000e+00
1.038834804483880880e+01, 5.070043689243126650e+00, 2.670556990564511235e+00, 1.929363272993653400e+00, 0.000000000000000000e+00, 0.000000000000000000e+00
4.772927050179384345e+00, 5.141343379971379690e+00, 2.018501295049103916e+00, 1.990428682996951526e+00, 0.000000000000000000e+00, 0.000000000000000000e+00
7.181439436548693322e+00, 7.375102718243502053e+00, 2.254921599866984483e+00, 2.106291484302217132e+00, 0.000000000000000000e+00, 0.000000000000000000e+00
1.379497912229517098e+01, 5.155944824581068175e+00, 2.905459612893876553e+00, 1.851268057517086785e+00, 0.000000000000000000e+00, 0.000000000000000000e+00
9.827123502578681169e+00, 3.567695820792010863e+00, 2.593000571514629815e+00, 1.675916540665345789e+00, 0.000000000000000000e+00, 0.000000000000000000e+00
8.610870390860766221e+00, 5.109462598723444771e+00, 2.532603631996391602e+00, 2.015838999349300220e+00, 0.000000000000000000e+00, 0.000000000000000000e+00
1.061480357311056721e+01, 4.452406896459256913e+00, 2.817093739540649011e+00, 1.842287751527828865e+00, 0.000000000000000000e+00, 0.000000000000000000e+00
1.093788384153180360e+01, 8.275189048047566942e+00, 2.608100242497715993e+00, 2.239896626175331473e+00, 0.000000000000000000e+00, 0.000000000000000000e+00
1.242496574272230525e+01, 4.105387651121190196e+00, 2.911978943113676888e+00, 1.743606039578515565e+00, 0.000000000000000000e+00, 0.000000000000000000e+00
1.882075107911925471e+01, 1.239493887918776593e+01, 3.645335522811329998e+00, 3.236812594203144489e+00, 0.000000000000000000e+00, 0.000000000000000000e+00
1.770073769116057250e+01, 2.159143057129484689e+01, 3.646267568515578539e+00, 3.803552333627840287e+00, 0.000000000000000000e+00, 0.000000000000000000e+00
4.398527970250925279e+01, 1.803069021817983852e+01, 5.207875797623857217e+00, 3.541354063755037362e+00, 0.000000000000000000e+00, 0.000000000000000000e+00
1.965543391523438999e+01, 3.744207551019923130e+01, 3.928202034900416528e+00, 5.109050914729300175e+00, 0.000000000000000000e+00, 0.000000000000000000e+00
4.065448794868739668e+01, 1.556406832754841574e+01, 5.470562423015988607e+00, 3.510934745027381343e+00, 0.000000000000000000e+00, 0.000000000000000000e+00
1.557007417706244823e+01, 1.254885431070945145e+01, 3.355802310664973476e+00, 2.993487134010116790e+00, 0.000000000000000000e+00, 0.000000000000000000e+00
9.744538317854858178e+01, 1.140623521769899185e+01, 8.105323150774962571e+00, 3.130923130528173726e+00, 0.000000000000000000e+00, 0.000000000000000000e+00
1.541120779976444410e+01, 4.275458284169064704e-01, 2.787048839246020648e+00, 9.035065115277434167e-01, 0.000000000000000000e+00, 0.000000000000000000e+00
1.313758273291715994e+01, 3.207553101727699385e+01, 3.052654941624731055e+00, 4.806492339381305712e+00, 0.000000000000000000e+00, 0.000000000000000000e+00
3.418055427951437508e+01, 8.850291894164906026e+00, 4.900350171611289163e+00, 2.759273530122859253e+00, 0.000000000000000000e+00, 0.000000000000000000e+00
2.155831378437833479e+01, 7.408494199322472440e+00, 3.837327768397846395e+00, 2.544531362422766119e+00, 0.000000000000000000e+00, 0.000000000000000000e+00
1.602911166286905598e+01, 7.774853512042724901e+00, 3.352364124711878279e+00, 2.568976659909611548e+00, 0.000000000000000000e+00, 0.000000000000000000e+00
1.611222163603038382e+01, 1.057633612346652541e+01, 3.480800558580468440e+00, 2.895125449137810669e+00, 0.000000000000000000e+00, 0.000000000000000000e+00
1.602163914504289366e+01, 1.128429098175081258e+01, 3.416750756808372813e+00, 3.003327908175647654e+00, 0.000000000000000000e+00, 0.000000000000000000e+00
1.383411556703899592e+01, 1.809873046960995424e+01, 3.013169849782133092e+00, 3.692075405927957021e+00, 0.000000000000000000e+00, 0.000000000000000000e+00
1.452243866140780071e+01, 1.561362141389515301e+01, 3.314763042398711335e+00, 3.419191710762496506e+00, 0.000000000000000000e+00, 0.000000000000000000e+00
8.907425561433903738e+00, 1.853908672163728966e+01, 2.564795385751703183e+00, 3.586806154878942277e+00, 0.000000000000000000e+00, 0.000000000000000000e+00
1.478403469353278865e+01, 8.871039089234674435e+00, 3.135636439398775455e+00, 2.613275549951485477e+00, 0.000000000000000000e+00, 0.000000000000000000e+00
1.584640230863046284e+01, 1.427066830610362302e+01, 3.417189688408247328e+00, 3.398518101486512233e+00, 0.000000000000000000e+00, 0.000000000000000000e+00
9.248890771561116608e+00, 1.314752664863814147e+01, 2.606324550319563560e+00, 3.109179469271385887e+00, 0.000000000000000000e+00, 0.000000000000000000e+00
2.511459849814169232e+01, 2.447341745558222925e+01, 3.915602224624588068e+00, 4.224917407212348763e+00, 0.000000000000000000e+00, 0.000000000000000000e+00
2.250742714873859640e+01, 1.641954201614595732e+01, 4.048937634398418695e+00, 3.617801008566354781e+00, 0.000000000000000000e+00, 0.000000000000000000e+00
9.315215908690143820e+00, 1.572693487159952141e+01, 2.595625651653711063e+00, 3.465940221674420840e+00, 0.000000000000000000e+00, 0.000000000000000000e+00
1.448377300735957718e+01, 1.274467608775106164e+01, 2.968774074138243790e+00, 3.064292378717285548e+00, 0.000000000000000000e+00, 0.000000000000000000e+00
1.215482719974811232e+01, 1.054217771189578556e+01, 2.925662534099411793e+00, 3.063487085116919140e+00, 0.000000000000000000e+00, 0.000000000000000000e+00
1.921798346057430251e+01, 1.674283459032325894e+01, 3.468671769131523419e+00, 3.587871143109104377e+00, 0.000000000000000000e+00, 0.000000000000000000e+00
1.060784107513233643e+01, 2.515004640434730021e+01, 2.764493136811824403e+00, 4.336908467769768905e+00, 0.000000000000000000e+00, 0.000000000000000000e+00
1.193205671149322988e+01, 1.014935038644486198e+01, 2.979227390909282125e+00, 2.961438216682508173e+00, 0.000000000000000000e+00, 0.000000000000000000e+00
1.597296934949176261e+01, 1.200083242581265530e+01, 3.567043783904497722e+00, 3.044174479090175467e+00, 0.000000000000000000e+00, 0.000000000000000000e+00
2.116014966474204684e+01, 1.425585756299725304e+01, 3.613894790446755323e+00, 3.249094524967286457e+00, 0.000000000000000000e+00, 0.000000000000000000e+00
8.448626937582757179e+00, 6.083077914962375488e+00, 2.429708428606049520e+00, 2.084497636299420531e+00, 0.000000000000000000e+00, 0.000000000000000000e+00
4.958519716622401319e+00, 5.314559871129661772e+00, 1.933566219763813043e+00, 1.969267030145641861e+00, 0.000000000000000000e+00, 0.000000000000000000e+00
6.220599296899216313e+00, 5.474817059638624528e+00, 2.127297013985230301e+00, 1.971321313189918767e+00, 0.000000000000000000e+00, 0.000000000000000000e+00
6.883378907429239746e+00, 9.785713731115478708e+00, 2.305717129610576066e+00, 2.514965163784293800e+00, 0.000000000000000000e+00, 0.000000000000000000e+00
3.857345517006993241e+00, 1.418381308786042183e+01, 1.885139661965561819e+00, 3.015087159657767302e+00, 0.000000000000000000e+00, 0.000000000000000000e+00
7.601536830582825033e+00, 2.572042727501329118e+00, 2.427213336688780920e+00, 1.560118649474695474e+00, 0.000000000000000000e+00, 0.000000000000000000e+00
5.508891458205429359e+00, 6.887305861912880189e+00, 2.116841050816792524e+00, 2.030060196382053039e+00, 0.000000000000000000e+00, 0.000000000000000000e+00
6.931853150178330480e+00, 3.676827153289134564e+00, 2.225601950810655261e+00, 1.673676753294969677e+00, 0.000000000000000000e+00, 0.000000000000000000e+00
4.891347879194484882e+00, 1.200119198834418199e+01, 2.029783079872130802e+00, 2.865026321493521877e+00, 0.000000000000000000e+00, 0.000000000000000000e+00
6.331510625249894275e+00, 4.299671280773761595e+00, 2.184735891076136305e+00, 1.756591505871880399e+00, 0.000000000000000000e+00, 0.000000000000000000e+00
7.974932915970686764e+00, 4.526110209054657219e+00, 2.566584500187546691e+00, 1.844582544466115026e+00, 0.000000000000000000e+00, 0.000000000000000000e+00
7.787604048625841102e+00, 4.699153411948389092e+00, 2.348177785236408965e+00, 1.881896892482170403e+00, 0.000000000000000000e+00, 0.000000000000000000e+00
1.123406355304129178e+01, 5.020175355627268132e+00, 2.768361911677242215e+00, 1.901465710177328461e+00, 0.000000000000000000e+00, 0.000000000000000000e+00
1.034619655335350252e+01, 3.242176565012023559e+00, 2.674662912839263385e+00, 1.667226696514672701e+00, 0.000000000000000000e+00, 0.000000000000000000e+00
7.341189771619591298e+00, 4.306791283793823588e+00, 2.333912277379706524e+00, 1.842348634038234012e+00, 0.000000000000000000e+00, 0.000000000000000000e+00
7.880061235479024262e+00, 3.941876723677048666e+00, 2.405964098513112770e+00, 1.726657989714839081e+00, 0.000000000000000000e+00, 0.000000000000000000e+00
9.175532789332779160e+00, 4.011041074004040752e+00, 2.596294500617438938e+00, 1.751176680867535307e+00, 0.000000000000000000e+00, 0.000000000000000000e+00
1.307976540182592373e+01, 1.568415161212643483e+01, 2.930390585587549168e+00, 3.078519166810031571e+00, 0.000000000000000000e+00, 0.000000000000000000e+00
7.804528653027546170e+00, 7.370941894334700706e+00, 2.409932521365964586e+00, 2.179547813259476552e+00, 0.000000000000000000e+00, 0.000000000000000000e+00
7.074427824345253413e+00, 3.846708329835578866e+00, 2.339468090016566748e+00, 1.670620713231695031e+00, 0.000000000000000000e+00, 0.000000000000000000e+00
5.703243423393500322e+00, 3.248127266065869101e+00, 2.105408432147945152e+00, 1.627052391838639922e+00, 0.000000000000000000e+00, 0.000000000000000000e+00
1.315492925486573483e+01, 3.069847693356307694e+00, 2.851760684914575794e+00, 1.569539954323135866e+00, 0.000000000000000000e+00, 0.000000000000000000e+00
1.038225974992094613e+01, 8.693136585145083473e+00, 2.663582653596603400e+00, 2.056053174220201729e+00, 0.000000000000000000e+00, 0.000000000000000000e+00
6.669621761129402415e+00, 2.433666308539590517e+01, 2.359753252039770377e+00, 4.351681727882380279e+00, 0.000000000000000000e+00, 0.000000000000000000e+00
7.750699468869562736e+00, 8.396118011472070819e+00, 2.481393520709331835e+00, 2.353259994002887101e+00, 0.000000000000000000e+00, 0.000000000000000000e+00
9.238645695102329469e+00, 2.954929076376648922e+00, 2.578727656522918021e+00, 1.581824434580045402e+00, 0.000000000000000000e+00, 0.000000000000000000e+00
6.448607448731518588e+00, 3.861697177769507938e+00, 2.341424227057548269e+00, 1.637119646389870731e+00, 0.000000000000000000e+00, 0.000000000000000000e+00
1.062290578677600372e+01, 3.975024930189544392e+00, 2.679585091086374771e+00, 1.765546648185543077e+00, 0.000000000000000000e+00, 0.000000000000000000e+00
1.215073607331672534e+01, 8.217965600509151258e+00, 2.730732846891732457e+00, 2.252073215813112039e+00, 0.000000000000000000e+00, 0.000000000000000000e+00
1.029510942917618443e+01, 5.568756700634695633e+00, 2.707707958182749675e+00, 1.985577683942000959e+00, 0.000000000000000000e+00, 0.000000000000000000e+00
8.584991699181912850e+00, 3.723283305462573800e+00, 2.452139205344869843e+00, 1.524174166634685079e+00, 0.000000000000000000e+00, 0.000000000000000000e+00
6.974264931009120261e+00, 2.891753495767558135e+00, 2.231958775995063871e+00, 1.384068859359563142e+00, 0.000000000000000000e+00, 0.000000000000000000e+00
4.589215844457320337e+00, 5.696619408385961592e+00, 1.921455042642925770e+00, 1.774759791949107157e+00, 0.000000000000000000e+00, 0.000000000000000000e+00
9.372958336015109637e+00, 3.629999722469770873e+00, 2.316377043395101865e+00, 1.593843622087994127e+00, 0.000000000000000000e+00, 0.000000000000000000e+00
6.773274161398154192e+00, 5.389501757130183535e+00, 2.080590896635766907e+00, 1.825980652091503620e+00, 0.000000000000000000e+00, 0.000000000000000000e+00
6.330318560046944043e+00, 2.287094439206976304e+00, 2.104438543895880809e+00, 1.321709724487662108e+00, 0.000000000000000000e+00, 0.000000000000000000e+00
4.083552886317121988e+00, 1.318337947943347288e+01, 1.812845871371183470e+00, 2.611052792174618276e+00, 0.000000000000000000e+00, 0.000000000000000000e+00
3.959167022576087547e+00, 3.216341795834902229e+01, 1.854285633024685520e+00, 4.242866095493760703e+00, 0.000000000000000000e+00, 0.000000000000000000e+00
6.215792647230582446e+00, 6.762292889887449476e+00, 2.054668855766361713e+00, 2.038052184146625478e+00, 0.000000000000000000e+00, 0.000000000000000000e+00
6.420969832371389074e+00, 1.814301892069460109e+01, 2.070971181383495008e+00, 3.256703103629380536e+00, 0.000000000000000000e+00, 0.000000000000000000e+00
5.875241320465558914e+00, 4.313523730876359430e+00, 1.874510392553431659e+00, 1.771976740761549651e+00, 0.000000000000000000e+00, 0.000000000000000000e+00
7.061484462777823268e+00, 1.431482674426678869e+01, 2.122075372982964225e+00, 3.251175435533333768e+00, 0.000000000000000000e+00, 0.000000000000000000e+00
3.074657688267312672e+00, 8.933687376741902497e+00, 1.561659399490073374e+00, 2.695470116500258140e+00, 0.000000000000000000e+00, 0.000000000000000000e+00
7.796340144755314228e+00, 6.261369214138651884e+00, 2.190022352576073139e+00, 2.315434776177375031e+00, 0.000000000000000000e+00, 0.000000000000000000e+00
3.218326607457648869e+00, 5.252716382215060875e+00, 1.543561107554101364e+00, 2.140881368322085976e+00, 0.000000000000000000e+00, 0.000000000000000000e+00
3.792649324946863132e+00, 5.170553413078884830e+00, 1.711825592708781762e+00, 2.113262299546543765e+00, 0.000000000000000000e+00, 0.000000000000000000e+00
5.227384006143697803e+00, 6.200885568040662932e+00, 1.917823436043624596e+00, 2.133845928805282011e+00, 0.000000000000000000e+00, 0.000000000000000000e+00
9.077676733698710976e+00, 3.923954969997797804e+00, 2.412869838463838956e+00, 1.903174260796827388e+00, 0.000000000000000000e+00, 0.000000000000000000e+00
8.220646229285312856e+00, 7.763409816692746546e+00, 2.213778441582439083e+00, 2.319033532919962948e+00, 0.000000000000000000e+00, 0.000000000000000000e+00
5.063828159389696992e+00, 7.671281781629263108e+00, 1.879852735741438297e+00, 2.304325106149324842e+00, 0.000000000000000000e+00, 0.000000000000000000e+00
9.177954159382839094e+00, 6.460894559052798414e+00, 2.295614001690736483e+00, 2.279652633660727012e+00, 1.000000000000000000e+00, 0.000000000000000000e+00
1.258051675887107201e+01, 2.859386604772975460e+00, 2.451360344997265184e+00, 1.740207152267735369e+00, 1.000000000000000000e+00, 0.000000000000000000e+00
6.784564338070691036e+00, 2.909131838052070762e+00, 2.117631266891357722e+00, 1.718309590901714978e+00, 0.000000000000000000e+00, 0.000000000000000000e+00
4.591764939574413340e+00, 3.358839704522059932e+00, 1.820727963064431520e+00, 1.737375512206324135e+00, 0.000000000000000000e+00, 0.000000000000000000e+00
5.670015066839482643e+00, 6.603755034550596648e+00, 2.047614303295600457e+00, 2.264672959559765886e+00, 0.000000000000000000e+00, 0.000000000000000000e+00
5.527007392350729020e+00, 3.860651113921823807e+00, 2.033965335740884228e+00, 1.737590716258196055e+00, 0.000000000000000000e+00, 0.000000000000000000e+00
5.603501362146452891e+00, 4.988654035234192818e+00, 1.924155142512067762e+00, 2.011532500020186021e+00, 0.000000000000000000e+00, 0.000000000000000000e+00
5.281892328454558694e+00, 4.806530596802767619e+00, 1.946687132643273532e+00, 2.141398283363180610e+00, 0.000000000000000000e+00, 0.000000000000000000e+00
9.083578377065073539e+00, 2.156991715474392279e+01, 2.477377866534129502e+00, 3.767568473761830905e+00, 0.000000000000000000e+00, 0.000000000000000000e+00
5.270994405688030682e+00, 1.388411504049242495e+01, 1.991901085829794305e+00, 3.356186909688926523e+00, 0.000000000000000000e+00, 0.000000000000000000e+00
4.149427118204821241e+00, 4.129894778524762700e+01, 1.894779442646950640e+00, 4.748905191003014892e+00, 0.000000000000000000e+00, 0.000000000000000000e+00
8.620212583465555412e+00, 6.934303238339781217e+01, 2.525803227327872325e+00, 6.570074241416546279e+00, 1.000000000000000000e+00, 0.000000000000000000e+00
5.012378838052823582e+00, 5.864396142207276341e+00, 1.983109846007615307e+00, 1.932887663583647164e+00, 0.000000000000000000e+00, 0.000000000000000000e+00
1.033917299515493404e+01, 1.400592498235470629e+01, 2.732641981504965401e+00, 2.993990650433580480e+00, 0.000000000000000000e+00, 0.000000000000000000e+00
5.970391180288800115e+00, 1.675479196388814884e+01, 2.120979089804853945e+00, 3.259824521417818755e+00, 0.000000000000000000e+00, 0.000000000000000000e+00
6.326160207878739783e+00, 7.701223125743243969e+00, 2.125745014466494887e+00, 2.354938204278384184e+00, 0.000000000000000000e+00, 0.000000000000000000e+00
1.343628117821716828e+01, 2.102098429295392634e+01, 3.081648986305599358e+00, 3.905519943327728782e+00, 0.000000000000000000e+00, 0.000000000000000000e+00
1.151087750345599048e+01, 2.625099953137623032e+01, 2.853890430250292543e+00, 4.209954664106093425e+00, 0.000000000000000000e+00, 0.000000000000000000e+00
5.056598262512178366e+00, 1.427691137809297928e+01, 2.011257237335674741e+00, 2.912809255735625769e+00, 0.000000000000000000e+00, 0.000000000000000000e+00
9.077510125113269268e+00, 1.755054868372573651e+01, 2.573834606535944758e+00, 3.057268532821519447e+00, 0.000000000000000000e+00, 0.000000000000000000e+00
5.009313693312979154e+00, 3.683568803147778681e+00, 1.943336701488782126e+00, 1.503724993001781751e+00, 0.000000000000000000e+00, 0.000000000000000000e+00
9.116368164361938753e+00, 3.384499604492952507e+00, 2.538697307118655822e+00, 1.465515753936872834e+00, 0.000000000000000000e+00, 0.000000000000000000e+00
8.934925414699975477e+00, 4.247949478015174307e+00, 2.647941214209360350e+00, 1.706660751737619108e+00, 0.000000000000000000e+00, 0.000000000000000000e+00
1.472856122678609125e+01, 1.040004442383555805e+01, 3.065672155013567934e+00, 2.539690423068343694e+00, 0.000000000000000000e+00, 0.000000000000000000e+00
1.086430943046067554e+01, 1.049392181090447984e+01, 2.931478514555611259e+00, 2.509971119081244151e+00, 0.000000000000000000e+00, 0.000000000000000000e+00
1.662020720254488282e+01, 1.001823155068170834e+01, 3.248809126890619403e+00, 2.599796677129718070e+00, 0.000000000000000000e+00, 0.000000000000000000e+00
1.582812944572378910e+01, 5.973121156187249170e+01, 3.301587236310822515e+00, 5.874420840236226127e+00, 0.000000000000000000e+00, 0.000000000000000000e+00
4.558758503755172775e+00, 5.240765436496879204e+01, 2.081630846284420855e+00, 6.505492462607220361e+00, 0.000000000000000000e+00, 0.000000000000000000e+00
1.437381318698450272e+01, 4.586109093249379498e+01, 3.071902967332446721e+00, 5.358804359037399934e+00, 0.000000000000000000e+00, 0.000000000000000000e+00
1.334873780646982766e+01, 6.124497543174001635e+00, 2.896966604282146918e+00, 2.054038900552300984e+00, 1.000000000000000000e+00, 0.000000000000000000e+00
8.393941347194234126e+00, 2.617726388722119601e+00, 2.461589708143836486e+00, 1.484131675616746637e+00, 0.000000000000000000e+00, 0.000000000000000000e+00
1.891686465676662010e+01, 8.569860721418104177e+00, 3.399847481958832240e+00, 2.342101297947291716e+00, 1.000000000000000000e+00, 0.000000000000000000e+00
9.731491334283875361e+00, 1.026201780943458353e+01, 2.705331079579109232e+00, 2.520472954056919956e+00, 0.000000000000000000e+00, 0.000000000000000000e+00
1.518796031093381060e+01, 4.023285215089646094e+00, 3.425459874484559464e+00, 1.695610130626001855e+00, 0.000000000000000000e+00, 0.000000000000000000e+00
9.486003998991611397e+00, 1.921847659300338407e+01, 2.713477243197119915e+00, 3.289158321820422781e+00, 0.000000000000000000e+00, 0.000000000000000000e+00
7.906095033195294164e+00, 1.468675375880042822e+01, 2.581970752305297712e+00, 2.781921937384125076e+00, 0.000000000000000000e+00, 0.000000000000000000e+00
1.198009645469420903e+01, 1.385561603069829673e+01, 3.100948837561511962e+00, 2.960424071879166785e+00, 0.000000000000000000e+00, 0.000000000000000000e+00
8.786351694695127890e+00, 4.377323447334215523e+00, 2.602855634012202657e+00, 1.754021305574396283e+00, 0.000000000000000000e+00, 0.000000000000000000e+00
6.728797838487954763e+00, 8.240879022035704438e+00, 2.434651143052381173e+00, 2.168344755036447857e+00, 0.000000000000000000e+00, 0.000000000000000000e+00
1.890734471225098545e+01, 1.037292355438299829e+01, 3.607501428268577115e+00, 2.572869662910451716e+00, 1.000000000000000000e+00, 0.000000000000000000e+00
7.869845251474473002e+00, 2.849785676427934433e+01, 2.292518054172477893e+00, 4.003656107388917640e+00, 0.000000000000000000e+00, 0.000000000000000000e+00
7.377958070149848169e+00, 4.586331656451562822e+00, 2.222972973730949153e+00, 1.924521595844234101e+00, 0.000000000000000000e+00, 0.000000000000000000e+00
3.405553148397455487e+00, 7.001878551532454864e+00, 1.618049148575395613e+00, 2.290088107524135275e+00, 0.000000000000000000e+00, 0.000000000000000000e+00
9.830657205870432236e+00, 4.177367140268477996e+00, 2.313770257914570028e+00, 1.848674460757653515e+00, 1.000000000000000000e+00, 0.000000000000000000e+00
1.250603328912463219e+01, 2.714074192370432570e+00, 2.542504137897508620e+00, 1.638538458266678433e+00, 1.000000000000000000e+00, 0.000000000000000000e+00
3.460584494721422821e+00, 2.276381346882700996e+00, 1.643774072994981017e+00, 1.593555576032813503e+00, 0.000000000000000000e+00, 0.000000000000000000e+00
6.579854072788247521e+00, 4.277926744077103827e+00, 2.036953356354534339e+00, 1.823243216996103033e+00, 0.000000000000000000e+00, 0.000000000000000000e+00
4.216817216306137261e+00, 4.073964023462022688e+00, 1.691763995509318219e+00, 1.844937846887868549e+00, 0.000000000000000000e+00, 0.000000000000000000e+00
2.089349374131097115e+00, 4.503473769722538655e+00, 1.402429661885629342e+00, 1.883800898305579841e+00, 0.000000000000000000e+00, 0.000000000000000000e+00
3.090392071194828283e+00, 5.463728851016840693e+00, 1.617832714418022677e+00, 2.086176675434525229e+00, 0.000000000000000000e+00, 0.000000000000000000e+00
1.784086166783109562e+01, 4.433683574583314524e+00, 2.942165854405855097e+00, 1.961725690765541819e+00, 1.000000000000000000e+00, 0.000000000000000000e+00
5.991602364445499873e+00, 4.521416265211787966e+00, 2.004466712415686747e+00, 1.902544496553462139e+00, 0.000000000000000000e+00, 0.000000000000000000e+00
2.495164651854243409e+00, 5.214672036143982226e+00, 1.411322490381968331e+00, 2.020847743122748952e+00, 0.000000000000000000e+00, 0.000000000000000000e+00
5.348356997463323381e+00, 4.027094067413777623e+00, 1.949085205117208952e+00, 1.842765196569178698e+00, 0.000000000000000000e+00, 0.000000000000000000e+00
6.573105973308992489e+00, 2.778420594720919290e+00, 2.100616929968679880e+00, 1.649808928881708381e+00, 0.000000000000000000e+00, 0.000000000000000000e+00
5.850963084908451961e+00, 4.758758336162410174e+00, 1.938414948539505689e+00, 1.987234915461354889e+00, 0.000000000000000000e+00, 0.000000000000000000e+00
1.274084704454414485e+01, 3.668474182503738135e+00, 2.652654232625842212e+00, 1.688467889468793892e+00, 1.000000000000000000e+00, 0.000000000000000000e+00
5.109769208607357172e+00, 3.951939004989789339e+00, 2.007354930422233341e+00, 1.833895455784606554e+00, 0.000000000000000000e+00, 0.000000000000000000e+00
1.315203491954301995e+01, 3.779715744867686134e+00, 2.816336040410679420e+00, 1.833740729815151571e+00, 1.000000000000000000e+00, 0.000000000000000000e+00
6.999705214231484618e+00, 5.872872392023277044e+00, 2.217043585145743734e+00, 2.159486598580189209e+00, 1.000000000000000000e+00, 0.000000000000000000e+00
9.217404653024733108e+00, 1.226693706529008843e+01, 2.278132452647854578e+00, 2.719369404615054275e+00, 1.000000000000000000e+00, 0.000000000000000000e+00
7.158950539079766529e+00, 4.193992349886103810e+00, 2.276856344938863241e+00, 1.953348137203179569e+00, 0.000000000000000000e+00, 0.000000000000000000e+00
1.029670275844353178e+01, 7.820271860783487128e+00, 2.618257865514580729e+00, 2.362779427661685805e+00, 1.000000000000000000e+00, 0.000000000000000000e+00
1.831593849515324735e+01, 2.738713329908663674e+00, 3.329461817484415498e+00, 1.676340409928753772e+00, 2.000000000000000000e+00, 0.000000000000000000e+00
5.435860302243954223e+00, 1.546446641687180446e+01, 2.052890032584007152e+00, 3.172244224833230763e+00, 0.000000000000000000e+00, 0.000000000000000000e+00
3.804546066745738031e+00, 5.943914640947040695e+00, 1.685773946790758648e+00, 2.101525528825773481e+00, 0.000000000000000000e+00, 0.000000000000000000e+00
5.672191748828536717e+00, 3.215669145432958231e+00, 1.945785666697633864e+00, 1.628911835589140322e+00, 0.000000000000000000e+00, 0.000000000000000000e+00
5.294085512216732070e+00, 4.291227505145983834e+00, 2.024132698180082013e+00, 1.866364021369432358e+00, 0.000000000000000000e+00, 0.000000000000000000e+00
9.254961373897311105e+00, 7.397660645903366472e+00, 2.468769908103782385e+00, 2.269099013722311042e+00, 1.000000000000000000e+00, 0.000000000000000000e+00
6.601167868903047520e+00, 4.167585817574876117e+00, 2.157917184191122661e+00, 1.798448996223250385e+00, 0.000000000000000000e+00, 0.000000000000000000e+00
8.162862172063070076e-01, 3.245961299515927045e-01, 8.884019936700141562e-01, 7.962709069781698235e-01, 0.000000000000000000e+00, 0.000000000000000000e+00
-1.596499172585588155e-01, 1.013923141068313605e+00, 5.627773172078345265e-01, 9.661415392732661811e-01, 0.000000000000000000e+00, 0.000000000000000000e+00
-3.437222340431462797e-01, -3.658861960589732121e-01, 5.147638156287062117e-01, 5.950534378325142981e-01, 0.000000000000000000e+00, 0.000000000000000000e+00
2.023548382408216995e+00, 1.847895725709199688e+00, 1.193851647060542032e+00, 1.096950662676106525e+00, 0.000000000000000000e+00, 0.000000000000000000e+00
6.881299895420340818e-01, 1.337592381571161226e+00, 8.264213338626685834e-01, 9.877978911549223362e-01, 0.000000000000000000e+00, 0.000000000000000000e+00
8.824667528593392873e-01, 9.650065400364638002e-01, 8.641364159577230586e-01, 1.011807126643307742e+00, 0.000000000000000000e+00, 0.000000000000000000e+00
2.080543689289834575e+00, 1.514448644688600076e+00, 1.050254198824173590e+00, 1.100919845309812128e+00, 0.000000000000000000e+00, 0.000000000000000000e+00
1.329683645427004457e-01, 5.412041914633748263e+01, 7.237410367187806504e-01, 6.123990838343853049e+00, 0.000000000000000000e+00, 0.000000000000000000e+00
5.731566432194195926e+00, 1.732866254081212531e+00, 1.581222341959658051e+00, 1.112747848752480007e+00, 0.000000000000000000e+00, 0.000000000000000000e+00
1.236660068957285752e+00, -6.334876547034928862e-02, 7.405839748896028141e-01, 8.347001041948058919e-01, 0.000000000000000000e+00, 0.000000000000000000e+00
1.207974091599147037e+00, 2.471463564774545318e-01, 9.095839102521862118e-01, 7.921107384310126509e-01, 0.000000000000000000e+00, 0.000000000000000000e+00
5.280825758548872706e-01, -1.634730761973028912e-01, 7.166801126255379906e-01, 7.380464030175325485e-01, 0.000000000000000000e+00, 0.000000000000000000e+00
-3.207126210225603735e-01, 4.507422244464440730e-01, 4.055902992681961194e-01, 9.278925405501762258e-01, 0.000000000000000000e+00, 0.000000000000000000e+00
2.208649527628582909e+00, 3.643284190723856675e-01, 1.012095546057923068e+00, 8.095150547115015360e-01, 0.000000000000000000e+00, 0.000000000000000000e+00
2.809544382548200936e+00, 1.344638349238514152e+01, 1.271569630440513521e+00, 2.199843764544939351e+00, 0.000000000000000000e+00, 0.000000000000000000e+00
2.206050546380254218e+00, 1.652582271989162521e-01, 9.960481531213611905e-01, 8.117777791919486008e-01, 0.000000000000000000e+00, 0.000000000000000000e+00
5.423678963434421796e-01, 7.170968326200264364e-01, 6.963209046608438424e-01, 9.360596693597946771e-01, 0.000000000000000000e+00, 0.000000000000000000e+00
5.498878957087738328e-02, 6.391489090864941325e-01, 5.994298953321216539e-01, 9.321764563932346537e-01, 0.000000000000000000e+00, 0.000000000000000000e+00
4.800250659563323197e-01, 1.203785413263959825e+00, 6.996023154903338037e-01, 1.098443141037867221e+00, 0.000000000000000000e+00, 0.000000000000000000e+00
2.452625493750143271e+00, 2.918227876286204392e+00, 1.230890862062574032e+00, 1.366954011662770530e+00, 0.000000000000000000e+00, 0.000000000000000000e+00
1.314293051853936412e-01, 9.515571305988421713e-01, 6.092044312105885373e-01, 1.030953105185751228e+00, 0.000000000000000000e+00, 0.000000000000000000e+00
6.431944511373478335e+00, 1.462763098769103820e+00, 1.719854914463470497e+00, 1.131780969923738445e+00, 0.000000000000000000e+00, 0.000000000000000000e+00
7.422645679219215253e-01, 1.463925033587845981e+00, 9.969327722947050052e-01, 1.193627223665296277e+00, 0.000000000000000000e+00, 0.000000000000000000e+00
1.782705886539144302e-01, 6.798545886202944644e+00, 6.509766926894624550e-01, 1.685275005530338266e+00, 0.000000000000000000e+00, 0.000000000000000000e+00
9.576828456230450648e-01, 1.705433331196281088e+01, 8.584690080126404776e-01, 2.882882283292813153e+00, 0.000000000000000000e+00, 0.000000000000000000e+00
1.134735065075014759e+00, 2.840466902140352801e+00, 8.383988464310543343e-01, 1.426269024538548758e+00, 0.000000000000000000e+00, 0.000000000000000000e+00
3.289821106778187954e-01, 2.072772698484435239e+00, 6.675673443095416770e-01, 1.289772083169736128e+00, 0.000000000000000000e+00, 0.000000000000000000e+00
9.261802973877184542e-01, 1.193017361899521234e+00, 9.058400842446587831e-01, 1.123173582520268665e+00, 0.000000000000000000e+00, 0.000000000000000000e+00
2.782130765924710758e-01, 4.776765470031400618e+00, 7.106493039661075928e-01, 1.662463471010010796e+00, 0.000000000000000000e+00, 0.000000000000000000e+00
3.402875514229866560e+00, 3.157885062001941634e+00, 1.494464832763432671e+00, 1.415567037698671760e+00, 0.000000000000000000e+00, 0.000000000000000000e+00
1.385907797563395860e+01, 3.105072197381679189e+01, 3.040012310656003525e+00, 4.686047110818942762e+00, 0.000000000000000000e+00, 0.000000000000000000e+00
7.936109960146362496e+00, 1.434903396846347334e+01, 2.328886359494021896e+00, 2.976681348119575077e+00, 0.000000000000000000e+00, 0.000000000000000000e+00
1.079161780854744102e+01, 1.310852467644370023e+01, 2.711883936012134733e+00, 3.250757880302195701e+00, 0.000000000000000000e+00, 0.000000000000000000e+00
7.782531413401228448e+00, 1.937445397191210006e+01, 2.463993414647326574e+00, 3.440232154929149910e+00, 0.000000000000000000e+00, 0.000000000000000000e+00
1.700361921156661182e+01, 3.306267853822911107e+00, 3.575927927817017959e+00, 1.628452391580326175e+00, 0.000000000000000000e+00, 0.000000000000000000e+00
1.490166467908528958e+01, 4.549664495495463257e+00, 3.239551467243777516e+00, 1.920386101655611855e+00, 0.000000000000000000e+00, 0.000000000000000000e+00
1.843971219489506552e+01, 1.133654126491035186e+01, 3.471536893622892972e+00, 2.725749894330549150e+00, 0.000000000000000000e+00, 0.000000000000000000e+00
1.123171617206251760e+01, 7.067901073242971677e+00, 2.850738633397770005e+00, 2.335667645441281692e+00, 0.000000000000000000e+00, 0.000000000000000000e+00
1.124424458038471464e+01, 7.136465425603242707e+00, 2.989256531532074934e+00, 2.396257203904919475e+00, 0.000000000000000000e+00, 0.000000000000000000e+00
6.553924095367300140e+00, 4.464569284798981741e+00, 2.286561056479887277e+00, 1.931369846800768064e+00, 0.000000000000000000e+00, 0.000000000000000000e+00
1.539832712605983289e+01, 1.186574436385991227e+01, 3.316833703611155926e+00, 2.865263948296144392e+00, 0.000000000000000000e+00, 0.000000000000000000e+00
9.600062247605171351e+00, 5.152538455063925937e+00, 2.486517484449663140e+00, 1.977771777863224889e+00, 0.000000000000000000e+00, 0.000000000000000000e+00
4.458345755428235968e+00, 8.536324503569996835e+00, 1.948547779300781047e+00, 2.491701170712150137e+00, 0.000000000000000000e+00, 0.000000000000000000e+00
6.260219593872180965e+00, 1.412407677246963189e+01, 2.189924808957830926e+00, 3.246707707156461620e+00, 0.000000000000000000e+00, 0.000000000000000000e+00
6.687149325102462072e+00, 4.695093021865332616e+00, 2.271405792759789044e+00, 1.862522026595972102e+00, 0.000000000000000000e+00, 0.000000000000000000e+00
5.057786520601169400e+00, 7.543677154343905400e+00, 2.064439403927686101e+00, 2.216565936959371985e+00, 0.000000000000000000e+00, 0.000000000000000000e+00
5.589785034784084061e+00, 4.177445349635465099e+00, 2.201176139545442112e+00, 1.875395188428579774e+00, 0.000000000000000000e+00, 0.000000000000000000e+00
1.246476041080003228e+01, 8.707145948056361107e+00, 2.872700597860534000e+00, 2.439330414081156029e+00, 0.000000000000000000e+00, 0.000000000000000000e+00
6.992696888158036472e+00, 5.754694143534370809e+00, 2.397226336164404614e+00, 2.228378373223671716e+00, 0.000000000000000000e+00, 0.000000000000000000e+00
5.122684020131771376e+00, 3.654406548901509844e+00, 2.174823371188910226e+00, 1.721189077423719072e+00, 0.000000000000000000e+00, 0.000000000000000000e+00
8.976502626394550433e+00, 9.530646173946257349e+00, 2.573965449273699413e+00, 2.467823521450260849e+00, 0.000000000000000000e+00, 0.000000000000000000e+00
5.090169268655580836e+00, 5.781986460322167787e+00, 2.080655031807342681e+00, 2.111789037031421401e+00, 0.000000000000000000e+00, 0.000000000000000000e+00
8.357912501125332128e+00, 3.830301808441740619e+00, 2.467577927866525300e+00, 1.846677383271549955e+00, 0.000000000000000000e+00, 0.000000000000000000e+00
1.173788731841902866e+01, 9.671188287243783321e+00, 2.852363387242841331e+00, 2.588494574233122236e+00, 0.000000000000000000e+00, 0.000000000000000000e+00
1.174576480892807062e+01, 2.976997615097972449e+00, 2.908750936649292740e+00, 1.624855425778458651e+00, 0.000000000000000000e+00, 0.000000000000000000e+00
9.722416051922687430e+00, 5.211179251971662651e+00, 2.682241243730062674e+00, 2.066977129519972145e+00, 0.000000000000000000e+00, 0.000000000000000000e+00
4.347221815975792936e+00, 4.408056440077772642e+00, 1.882914104164447933e+00, 1.875512795640489339e+00, 0.000000000000000000e+00, 0.000000000000000000e+00
6.286861252230071528e+00, 1.675828680400966775e+00, 2.217467892793128392e+00, 1.413637393798020003e+00, 0.000000000000000000e+00, 0.000000000000000000e+00
4.494540160335632528e+00, 8.804505250895328317e+00, 2.031243517517387520e+00, 2.602246309973308858e+00, 0.000000000000000000e+00, 0.000000000000000000e+00
1.389624698233540556e+01, 2.769338289854911039e+00, 3.231176714093504820e+00, 1.643967069774956880e+00, 0.000000000000000000e+00, 0.000000000000000000e+00
-2.232961854709971661e-01, 8.925113386793723791e+00, 2.800632397351868197e-01, 2.447957153615099912e+00, 0.000000000000000000e+00, 0.000000000000000000e+00
-8.690042516087266300e-01, 4.819936278028377430e+00, -6.143322390749817591e-02, 1.916531984895025520e+00, 0.000000000000000000e+00, 0.000000000000000000e+00
-6.854702241818899644e-01, 4.846446870427845610e+00, -3.515485539744851728e-02, 1.997910647514770544e+00, 0.000000000000000000e+00, 0.000000000000000000e+00
-5.730620443984864032e-01, 3.622917189084291500e+00, 5.993281143108794562e-02, 1.739644635430338537e+00, 0.000000000000000000e+00, 0.000000000000000000e+00
-6.007586544428136222e-01, 1.139531199275316986e+00, -5.726306135668732950e-02, 1.290872874503817602e+00, 0.000000000000000000e+00, 0.000000000000000000e+00
-8.143401321347267796e-01, 3.117143093436175683e+00, 4.034415586651027980e-02, 1.631891449695713536e+00, 0.000000000000000000e+00, 0.000000000000000000e+00
-4.849832788698038577e-01, 3.964938934198688258e+00, 2.691782800913911089e-01, 1.836479098914412855e+00, 0.000000000000000000e+00, 0.000000000000000000e+00
-7.085114440347664022e-01, 7.184277043689784037e+00, 8.654466656169773620e-02, 2.319977996472231130e+00, 0.000000000000000000e+00, 0.000000000000000000e+00
-7.501638435237691915e-01, 2.469841619336468064e+00, 8.540565065050580162e-02, 1.526189581196415457e+00, 0.000000000000000000e+00, 0.000000000000000000e+00
-7.440310667619303153e-01, 4.129728816356228016e+00, 2.520995908214715073e-02, 1.723726504059117870e+00, 0.000000000000000000e+00, 0.000000000000000000e+00
-6.649056609951657926e-01, 3.119146508495711956e+00, 6.923640866428421026e-02, 1.641996264091484470e+00, 0.000000000000000000e+00, 0.000000000000000000e+00
-6.902637744154591637e-01, 3.114524459823576841e+00, -4.634409931262521015e-03, 1.580367618173103450e+00, 0.000000000000000000e+00, 0.000000000000000000e+00
-6.684537445154377089e-01, 4.958013874262982768e+01, 1.625079844197425682e-01, 5.612680260438585478e+00, 0.000000000000000000e+00, 0.000000000000000000e+00
-2.045999847107529135e-01, 5.775975601099324308e+01, 2.220154613775192909e-01, 6.203050489519033484e+00, 0.000000000000000000e+00, 0.000000000000000000e+00
-4.952008825625253685e-01, 5.280903651777729024e+00, 2.552171194831835410e-01, 2.006610251129476108e+00, 0.000000000000000000e+00, 0.000000000000000000e+00
-7.262650778919619299e-01, 1.789506162346814477e+00, 1.830109904238983454e-01, 1.362378859842029444e+00, 0.000000000000000000e+00, 0.000000000000000000e+00
-9.261401924453527279e-01, 2.668288745697910969e+00, -3.449968678685421536e-03, 1.537438741984411994e+00, 0.000000000000000000e+00, 0.000000000000000000e+00
-2.085834782238404905e-01, 7.706872496082096902e+00, 2.515246315557597145e-01, 2.310091968769343751e+00, 0.000000000000000000e+00, 0.000000000000000000e+00
3.073224928499778130e-01, 3.051796512480297707e+00, 4.294070380689574695e-01, 1.594356824455491539e+00, 0.000000000000000000e+00, 0.000000000000000000e+00
-1.680734358260256300e-01, 4.266598205067398730e+00, 2.307024205963387198e-01, 1.806578864462822231e+00, 0.000000000000000000e+00, 0.000000000000000000e+00
-2.164489089674681566e-02, 1.801773281014714456e+00, 3.639014108039116402e-01, 1.399076917843770973e+00, 0.000000000000000000e+00, 0.000000000000000000e+00
-8.955052895819584080e-01, 1.595351020673200004e+00, 9.584573683874912306e-03, 1.232079353069466476e+00, 0.000000000000000000e+00, 0.000000000000000000e+00
-7.729699316168479051e-01, 1.927633831230453509e+00, 5.554148942877046996e-02, 1.340855656742969915e+00, 0.000000000000000000e+00, 0.000000000000000000e+00
1.445025977928922067e-01, 5.206318473127538482e+00, 3.628970402863489486e-01, 2.100469752391902478e+00, 0.000000000000000000e+00, 0.000000000000000000e+00
7.681961327718163091e-01, 6.898994971606546400e+00, 5.391040430590233745e-01, 2.274326803327289870e+00, 0.000000000000000000e+00, 0.000000000000000000e+00
-2.851012329684277091e-02, 1.050540367125836205e+01, 4.366446658347257759e-01, 2.568382131396094614e+00, 0.000000000000000000e+00, 0.000000000000000000e+00
-7.261220665317229539e-01, 2.637888088985134161e+00, 1.232527198811074615e-01, 1.551063934114619514e+00, 0.000000000000000000e+00, 0.000000000000000000e+00
-9.267059387542753157e-02, 2.315330088946542908e+00, 3.549864317322173335e-01, 1.532423463364777305e+00, 0.000000000000000000e+00, 0.000000000000000000e+00
-3.510541879582804725e-01, 3.590238859952028072e+00, 2.673426013943182022e-01, 1.667705678995063723e+00, 0.000000000000000000e+00, 0.000000000000000000e+00
1.988897116737716075e+00, 5.939271693821956077e+00, 8.746114510894116290e-01, 2.052459207355887383e+00, 0.000000000000000000e+00, 0.000000000000000000e+00
