# WA_ECR, WA_FCU, WL_ECR, WL_FCU, SD_ECR, SD_FCU
1.590000000000000000e+02, 3.700000000000000000e+01, 4.417916649841678378e+01, 2.820384359576606670e+01, 5.217770166732749876e-02, 4.249762878026413365e-02
5.600000000000000000e+01, 3.600000000000000000e+01, 2.296501979589688602e+01, 2.698898009529523634e+01, 4.229293893750547123e-02, 4.122759923251946568e-02
3.100000000000000000e+01, 5.600000000000000000e+01, 2.249483066931361464e+01, 2.885222204508777466e+01, 3.560538205091325764e-02, 5.156804736980191706e-02
4.200000000000000000e+01, 7.500000000000000000e+01, 2.199378949300970376e+01, 2.977793068229053475e+01, 3.707692596686571612e-02, 6.489529043269147424e-02
2.900000000000000000e+01, 5.700000000000000000e+01, 1.774021313352453078e+01, 2.628132307331454598e+01, 3.617226417893970591e-02, 6.240782268650920533e-02
7.000000000000000000e+00, 7.500000000000000000e+01, 1.929831318675547891e+01, 3.623949776676813883e+01, 2.822619999781861636e-02, 6.657294543416837629e-02
8.000000000000000000e+00, 7.600000000000000000e+01, 1.762902498622981184e+01, 3.172195391551848331e+01, 2.986920791938346698e-02, 6.282413920831568521e-02
4.000000000000000000e+00, 6.500000000000000000e+01, 1.922958461085048398e+01, 3.726433385817167476e+01, 2.268504040756583184e-02, 5.329746004979162705e-02
1.000000000000000000e+00, 8.400000000000000000e+01, 1.924847635700368187e+01, 3.538100077709383839e+01, 2.614732846927381171e-02, 6.055154944698126762e-02
4.000000000000000000e+00, 6.400000000000000000e+01, 1.433514099791863750e+01, 2.936775328517679284e+01, 2.308074186873303527e-02, 6.426956265004707403e-02
4.600000000000000000e+01, 7.600000000000000000e+01, 2.212889588637896665e+01, 3.317572002651728269e+01, 4.508210975507934842e-02, 6.371604992049843819e-02
6.000000000000000000e+00, 4.700000000000000000e+01, 1.635229317865919185e+01, 3.040919461409124480e+01, 2.624601233048156831e-02, 5.316817970027160056e-02
1.000000000000000000e+00, 7.800000000000000000e+01, 1.892311838673844804e+01, 3.810226021142742781e+01, 2.362455481537377444e-02, 6.351006946265702613e-02
0.000000000000000000e+00, 6.600000000000000000e+01, 1.833740634038353434e+01, 3.731643412748497468e+01, 1.868219856678415836e-02, 5.342203781072799029e-02
1.000000000000000000e+02, 1.810000000000000000e+02, 3.596138302650112450e+01, 5.216223967443199427e+01, 5.349258132032660984e-02, 7.218502671101506563e-02
6.700000000000000000e+01, 9.900000000000000000e+01, 3.102140534481132761e+01, 3.782677539866266869e+01, 4.349283810135150946e-02, 6.933997860329396690e-02
4.800000000000000000e+01, 5.100000000000000000e+01, 2.314667413069954094e+01, 2.961701710629923312e+01, 4.797916628575278619e-02, 5.150802693721735076e-02
7.000000000000000000e+01, 5.900000000000000000e+01, 2.812907526905689437e+01, 3.049553933054346899e+01, 4.661022533368854720e-02, 6.153880391773599440e-02
4.600000000000000000e+01, 3.400000000000000000e+01, 2.165144802223629128e+01, 2.578652865054244003e+01, 3.868224825784113974e-02, 5.271455015788614751e-02
1.000000000000000000e+01, 5.100000000000000000e+01, 1.461157268758926442e+01, 2.593676600621733996e+01, 2.580279958828409631e-02, 5.842858267723578108e-02
3.900000000000000000e+01, 7.700000000000000000e+01, 2.431390445088958785e+01, 3.825730920458710216e+01, 3.261455297348646309e-02, 5.392499729318956520e-02
5.200000000000000000e+01, 8.300000000000000000e+01, 2.365251544380505422e+01, 3.230932338889125788e+01, 4.007994099332624904e-02, 6.146660790505950600e-02
6.400000000000000000e+01, 6.500000000000000000e+01, 2.571029746631454671e+01, 3.072152832714444415e+01, 5.046305936041323853e-02, 7.166895677238464823e-02
0.000000000000000000e+00, 3.000000000000000000e+00, 2.839070773899817990e+00, 7.442395738677574535e+00, 1.067290481892249968e-02, 2.351774492616031179e-02
4.100000000000000000e+01, 7.000000000000000000e+01, 2.496363241615624418e+01, 3.761629320188943382e+01, 3.790423297363879063e-02, 5.673508740352592450e-02
3.300000000000000000e+01, 1.080000000000000000e+02, 2.565174533446814209e+01, 4.129242506366747278e+01, 3.717314312791208247e-02, 6.761347542683238121e-02
2.700000000000000000e+01, 8.000000000000000000e+01, 2.230079305007696178e+01, 3.969015095695816342e+01, 3.155340105246375731e-02, 4.979088777762775975e-02
6.300000000000000000e+01, 9.300000000000000000e+01, 2.823233337215352989e+01, 4.279600189828401113e+01, 3.992483525493644575e-02, 6.160328176395964833e-02
7.300000000000000000e+01, 9.100000000000000000e+01, 2.739606549222473930e+01, 4.223173498016856797e+01, 4.040195889168352039e-02, 5.833764899053250907e-02
7.600000000000000000e+01, 1.030000000000000000e+02, 3.035049483270585924e+01, 4.520945505767393513e+01, 4.457492672662557304e-02, 6.068837728606333443e-02
2.000000000000000000e+01, 2.110000000000000000e+02, 2.039285279323614830e+01, 4.335722585509773097e+01, 3.360745832560426555e-02, 8.448949625780960426e-02
2.600000000000000000e+01, 3.210000000000000000e+02, 2.544812732899574215e+01, 6.063733409887492343e+01, 3.470848767733389351e-02, 1.107292234460272029e-01
3.000000000000000000e+00, 2.660000000000000000e+02, 1.697324521403299258e+01, 5.173658057345016203e+01, 2.305190412825411719e-02, 9.373533641985551390e-02
4.000000000000000000e+00, 1.590000000000000000e+02, 1.439315327984128601e+01, 3.469087150108859419e+01, 2.467136272266816366e-02, 8.630368837892349321e-02
2.000000000000000000e+01, 2.190000000000000000e+02, 2.069194978816478780e+01, 4.725911133341958958e+01, 2.979411206487068975e-02, 8.688626518763059581e-02
5.000000000000000000e+00, 3.020000000000000000e+02, 2.136849008594742116e+01, 5.519831110157723941e+01, 3.009411935905844174e-02, 1.041133133779987008e-01
1.400000000000000000e+01, 2.060000000000000000e+02, 1.940955054957266768e+01, 4.115648598389370250e+01, 2.894067871610989801e-02, 9.456726893134821677e-02
3.000000000000000000e+01, 2.190000000000000000e+02, 2.392974442135403734e+01, 4.447491453820030927e+01, 3.682036331606482887e-02, 8.260161166200133409e-02
2.300000000000000000e+01, 2.290000000000000000e+02, 2.171895609086576684e+01, 4.700408978661833714e+01, 3.448909536690961813e-02, 8.629935263016601243e-02
1.000000000000000000e+01, 1.740000000000000000e+02, 2.013671869692554850e+01, 4.023936287478329632e+01, 2.802823436150329167e-02, 8.862693364367495164e-02
1.200000000000000000e+01, 1.790000000000000000e+02, 2.148392729899510911e+01, 4.267432764244911425e+01, 2.824781849128688363e-02, 7.638099486860529252e-02
9.000000000000000000e+00, 2.230000000000000000e+02, 2.104075969226695975e+01, 4.601655431923447281e+01, 2.877534415746291555e-02, 8.151378243735835083e-02
6.000000000000000000e+00, 1.490000000000000000e+02, 1.789667976561323570e+01, 3.840319269735769581e+01, 2.630085050961105536e-02, 7.891297705321291545e-02
7.000000000000000000e+00, 2.020000000000000000e+02, 2.114050415398524052e+01, 4.283279890203245088e+01, 2.635109019701713587e-02, 9.138706965045896580e-02
5.000000000000000000e+00, 1.940000000000000000e+02, 1.927447018215111285e+01, 4.186569252248177264e+01, 2.610715296918826936e-02, 7.777772927681456117e-02
3.000000000000000000e+00, 2.470000000000000000e+02, 1.961946904333833430e+01, 4.940990863834718994e+01, 2.480112675518911583e-02, 9.154468690435380029e-02
1.500000000000000000e+01, 1.250000000000000000e+02, 1.910896547304309223e+01, 3.573715635852260419e+01, 2.903655156835884682e-02, 7.118294830666810347e-02
4.400000000000000000e+01, 3.010000000000000000e+02, 2.795117430267560010e+01, 5.684723051729604748e+01, 3.741134629109449383e-02, 1.154857677029230006e-01
5.100000000000000000e+01, 4.400000000000000000e+02, 3.181281194230601272e+01, 7.567451120931067976e+01, 4.215037559865664890e-02, 1.484526303828343219e-01
4.800000000000000000e+01, 3.300000000000000000e+02, 2.932677901375893725e+01, 6.246982513641543733e+01, 3.670288916936882001e-02, 1.228966057469560585e-01
3.200000000000000000e+01, 3.000000000000000000e+02, 2.911830877027526299e+01, 6.028031948610258439e+01, 3.520312406409140116e-02, 9.358832740421577090e-02
3.400000000000000000e+01, 2.750000000000000000e+02, 2.621919484022034652e+01, 5.113698461047476229e+01, 4.342843956572348812e-02, 1.097999514872760596e-01
3.300000000000000000e+01, 3.420000000000000000e+02, 2.817737731131859036e+01, 6.038066072634079973e+01, 3.560922983411250742e-02, 1.283281243510865921e-01
2.500000000000000000e+01, 2.760000000000000000e+02, 2.576716349490601843e+01, 5.423135562394130460e+01, 3.495440908170822925e-02, 1.074063097113111265e-01
5.200000000000000000e+01, 2.970000000000000000e+02, 2.803976220944878861e+01, 5.511751061583761668e+01, 3.990571882272139770e-02, 9.541148031237979554e-02
4.300000000000000000e+01, 3.040000000000000000e+02, 2.810886901177719110e+01, 5.648517041673430583e+01, 3.946462560437793976e-02, 1.272230222097514019e-01
1.900000000000000000e+01, 2.530000000000000000e+02, 2.628015966233308021e+01, 4.872227876414299885e+01, 3.227380579006305233e-02, 1.114257880751753638e-01
2.100000000000000000e+01, 2.190000000000000000e+02, 2.380599291373544446e+01, 4.531153409444231528e+01, 3.064053522381850192e-02, 9.053763821093523123e-02
2.100000000000000000e+01, 2.330000000000000000e+02, 2.363249264604403876e+01, 4.790096637385234146e+01, 3.129990899303479457e-02, 9.513998060748422858e-02
5.200000000000000000e+01, 3.860000000000000000e+02, 3.518922023778494435e+01, 7.192478714276026608e+01, 3.621381970498022129e-02, 1.156256213621181389e-01
1.290000000000000000e+02, 3.100000000000000000e+01, 2.859131160366011670e+01, 2.357340800691595462e+01, 6.835096625491271505e-02, 5.516210479531021005e-02
1.100000000000000000e+02, 5.700000000000000000e+01, 2.763573838001921956e+01, 2.793555514570488185e+01, 5.188563945361232554e-02, 6.275616764986581553e-02
7.700000000000000000e+01, 4.200000000000000000e+01, 1.963243700804995129e+01, 2.254141802277136719e+01, 4.884070687799633992e-02, 5.746589965706010855e-02
1.070000000000000000e+02, 3.000000000000000000e+01, 2.421523102489040724e+01, 2.065515652423913551e+01, 5.499561262106984066e-02, 5.303066318344572955e-02
1.180000000000000000e+02, 1.700000000000000000e+01, 2.584684748470351678e+01, 2.203345516973044482e+01, 5.822559224356334273e-02, 4.464986823962808354e-02
1.020000000000000000e+02, 3.100000000000000000e+01, 2.362309752270390817e+01, 2.491423939176189251e+01, 5.417862179529169681e-02, 5.506890248972284158e-02
6.000000000000000000e+01, 3.200000000000000000e+01, 1.690398676292829450e+01, 1.987477647918597512e+01, 4.324422822120358584e-02, 5.869397624714207257e-02
1.490000000000000000e+02, 1.100000000000000000e+02, 3.166181449283129368e+01, 3.446782758825947468e+01, 6.097387464638431842e-02, 9.022511872010871570e-02
1.490000000000000000e+02, 6.000000000000000000e+01, 2.945203477416637483e+01, 2.497729661677126956e+01, 6.880576373823174552e-02, 7.112973259354841982e-02
1.200000000000000000e+02, 3.200000000000000000e+01, 2.732820950687957051e+01, 2.265674875566427460e+01, 7.534916010145549514e-02, 5.099918734200067916e-02
9.100000000000000000e+01, 2.600000000000000000e+01, 2.149679374748547289e+01, 1.886938079208235663e+01, 5.734901652806151384e-02, 5.151120522642860938e-02
8.200000000000000000e+01, 2.700000000000000000e+01, 2.109163254012234745e+01, 1.887192374090935232e+01, 6.309118208160741093e-02, 5.311958048775942964e-02
1.000000000000000000e+02, 3.400000000000000000e+01, 2.507798091577698330e+01, 2.060280476595915999e+01, 5.692877055466211839e-02, 5.522719903053034674e-02
1.070000000000000000e+02, 3.600000000000000000e+01, 2.734431181666446165e+01, 2.391404120685601242e+01, 5.241192605684687894e-02, 5.275173868834194535e-02
1.650000000000000000e+02, 8.400000000000000000e+01, 3.352503427901326916e+01, 3.006877475477967465e+01, 7.253434041445960823e-02, 7.561578644999204790e-02
1.200000000000000000e+02, 6.700000000000000000e+01, 3.109691755771748589e+01, 2.774173947141810714e+01, 6.080201167689444630e-02, 6.378640896191019316e-02
9.100000000000000000e+01, 4.900000000000000000e+01, 2.510009907782233540e+01, 2.220685798079104245e+01, 5.579477628354989616e-02, 5.583002538707837470e-02
1.260000000000000000e+02, 3.500000000000000000e+01, 2.840919699796781472e+01, 2.126525119511148887e+01, 6.847634237166359827e-02, 5.813026767393109084e-02
1.120000000000000000e+02, 2.500000000000000000e+01, 2.667915357969735624e+01, 1.869652487353267034e+01, 7.215177285561595599e-02, 4.784967865630940231e-02
8.700000000000000000e+01, 3.500000000000000000e+01, 2.424399451359133195e+01, 2.091412138261899401e+01, 6.694712560375264132e-02, 6.025078910485857225e-02
1.070000000000000000e+02, 3.000000000000000000e+01, 2.723002604289794348e+01, 2.379870711230950064e+01, 5.011191712353596506e-02, 4.964284635213933594e-02
1.070000000000000000e+02, 2.700000000000000000e+01, 2.446909735707395939e+01, 2.258187247857472002e+01, 5.436461583507395945e-02, 4.742653793482470848e-02
6.000000000000000000e+01, 2.800000000000000000e+01, 2.362687767256896265e+01, 2.356133850574668998e+01, 4.628426731138782918e-02, 5.522676860394277326e-02
9.600000000000000000e+01, 2.300000000000000000e+01, 2.689879196422301533e+01, 1.987680158634420735e+01, 5.540165347266303580e-02, 5.205563644446911664e-02
9.700000000000000000e+01, 3.400000000000000000e+01, 2.796200971962975146e+01, 2.402515527400086626e+01, 5.904372220228884527e-02, 5.870508449853788918e-02
1.200000000000000000e+02, 7.100000000000000000e+01, 3.052048575287319565e+01, 2.763525089991459538e+01, 6.779919250448204759e-02, 6.364938544559761713e-02
1.280000000000000000e+02, 7.400000000000000000e+01, 2.787732698685201527e+01, 2.712430292764090467e+01, 6.463560847103282103e-02, 6.676238519491091428e-02
1.150000000000000000e+02, 5.300000000000000000e+01, 2.514778405024623353e+01, 2.527315951798609106e+01, 6.039159712242786471e-02, 5.799894789010518609e-02
1.320000000000000000e+02, 8.800000000000000000e+01, 3.380541696898202986e+01, 3.706305237890366300e+01, 6.026848236129611625e-02, 6.534009230500385790e-02
2.700000000000000000e+02, 1.570000000000000000e+02, 5.693245977669243274e+01, 5.168450048347547465e+01, 7.274273051142472746e-02, 7.903455912136048145e-02
4.670000000000000000e+02, 2.200000000000000000e+01, 9.057299445907216295e+01, 2.558054769559080199e+01, 1.188130987687152362e-01, 4.015546255853474217e-02
4.060000000000000000e+02, 2.300000000000000000e+01, 8.295773679871489037e+01, 2.885291701745568460e+01, 1.086939321575987466e-01, 3.739948785521225727e-02
5.800000000000000000e+02, 4.800000000000000000e+01, 1.068291003953061420e+02, 3.100307689707010894e+01, 1.286136084028816906e-01, 5.321906457010078251e-02
4.810000000000000000e+02, 1.300000000000000000e+01, 9.585273333519882044e+01, 2.580696213854926668e+01, 1.378752907995862143e-01, 3.418559495282814248e-02
4.330000000000000000e+02, 5.400000000000000000e+01, 8.910985477970112356e+01, 2.802572515812580178e+01, 1.216177936946920002e-01, 5.450952354519753018e-02
4.760000000000000000e+02, 5.200000000000000000e+01, 1.004709759233363968e+02, 3.914412994306221805e+01, 1.162852717181598466e-01, 4.405855575754674680e-02
6.140000000000000000e+02, 3.600000000000000000e+01, 1.185279091867012227e+02, 3.121183192207819346e+01, 1.466132562244762960e-01, 4.074493178824496048e-02
5.940000000000000000e+02, 3.700000000000000000e+01, 1.087799433115451251e+02, 4.040090795551072489e+01, 1.094457973998176487e-01, 4.722097719713828218e-02
4.750000000000000000e+02, 6.200000000000000000e+01, 9.232001689822108403e+01, 3.990341902645737804e+01, 1.096132254009561241e-01, 4.805141448723940223e-02
4.060000000000000000e+02, 2.300000000000000000e+01, 7.945912169209670139e+01, 2.587278198584885303e+01, 1.156975609368579710e-01, 3.768950016587814533e-02
4.390000000000000000e+02, 1.000000000000000000e+01, 8.613534680508762165e+01, 2.420720105736009131e+01, 1.188784791205550195e-01, 3.145642121559238946e-02
3.520000000000000000e+02, 3.100000000000000000e+01, 7.222407049491407349e+01, 3.103029998922446708e+01, 9.089447692660904132e-02, 3.929985901248181368e-02
5.160000000000000000e+02, 1.700000000000000000e+01, 9.669286463127279774e+01, 2.702456012301259847e+01, 1.210716586271828460e-01, 3.363655017622393939e-02
5.800000000000000000e+02, 7.000000000000000000e+00, 1.127639068630537338e+02, 2.448323376883600844e+01, 1.336003660341463228e-01, 3.207052567916179875e-02
4.960000000000000000e+02, 2.000000000000000000e+00, 9.467563053167242515e+01, 2.469117263836616516e+01, 1.039587862506648752e-01, 2.898533308069773176e-02
5.440000000000000000e+02, 6.000000000000000000e+00, 1.076920944571602519e+02, 2.533058363224115439e+01, 1.298275320888296613e-01, 3.246269527202082228e-02
5.280000000000000000e+02, 1.300000000000000000e+01, 1.063531643897908481e+02, 2.748154619087782535e+01, 1.398255056992439294e-01, 3.459206019393670783e-02
5.450000000000000000e+02, 1.900000000000000000e+01, 1.021906574822187679e+02, 2.547390154756266156e+01, 1.297687664425491161e-01, 3.730933544264759122e-02
4.590000000000000000e+02, 0.000000000000000000e+00, 8.904893050087370909e+01, 2.405375616437959252e+01, 1.020622715785604595e-01, 2.768626686631913553e-02
5.390000000000000000e+02, 1.300000000000000000e+01, 9.898739762118202634e+01, 2.676185583491035302e+01, 1.121370664678899703e-01, 3.820251999817970284e-02
6.270000000000000000e+02, 5.000000000000000000e+00, 1.194304869210017301e+02, 2.636376845545882119e+01, 1.494770491624621278e-01, 3.481031330075745611e-02
3.870000000000000000e+02, 4.000000000000000000e+01, 7.904244004194063677e+01, 3.560746607571765310e+01, 9.445403954570096017e-02, 4.563581843209226635e-02
4.810000000000000000e+02, 2.700000000000000000e+01, 9.439828756720245906e+01, 2.715176068910751539e+01, 1.233754354148010879e-01, 3.890430633081532613e-02
4.480000000000000000e+02, 6.000000000000000000e+00, 9.084220161996748288e+01, 2.434072025527037297e+01, 1.050243356059764183e-01, 3.146810206662996323e-02
5.680000000000000000e+02, 1.500000000000000000e+01, 1.155783511042614151e+02, 2.552482163068837195e+01, 1.327834878490770920e-01, 3.329350557662467264e-02
6.350000000000000000e+02, 5.000000000000000000e+00, 1.213630338404400675e+02, 2.529087428822465355e+01, 1.444068813127373230e-01, 3.005639122933302307e-02
5.430000000000000000e+02, 2.200000000000000000e+01, 1.088910089373074754e+02, 2.904664225784688014e+01, 1.230636036333185718e-01, 4.318743273287414808e-02
5.820000000000000000e+02, 1.300000000000000000e+01, 1.128896606123927455e+02, 2.582282390792470750e+01, 1.374805669685219556e-01, 3.812926649327588735e-02
6.000000000000000000e+02, 7.000000000000000000e+00, 1.152623863361345826e+02, 2.584086190619218826e+01, 1.148077751680826597e-01, 3.181806637586553216e-02
6.260000000000000000e+02, 1.400000000000000000e+01, 1.274410534414311797e+02, 2.667646164353949700e+01, 1.613776982153099504e-01, 3.587069849131683391e-02
2.660000000000000000e+02, 6.300000000000000000e+01, 6.121362478607148461e+01, 3.243173193419355016e+01, 6.966279251969445530e-02, 4.319213577167459878e-02
4.020000000000000000e+02, 8.500000000000000000e+01, 7.795714356881973117e+01, 3.767588282056604498e+01, 9.562423847208144367e-02, 4.812808383271546808e-02
3.930000000000000000e+02, 6.700000000000000000e+01, 7.445954975818273169e+01, 3.630284078924943003e+01, 8.578950714316314896e-02, 4.932835675110786022e-02
5.130000000000000000e+02, 9.800000000000000000e+01, 9.072365711682328993e+01, 4.049430541585944354e+01, 1.121096887571610412e-01, 5.877339890016362867e-02
5.480000000000000000e+02, 7.700000000000000000e+01, 9.273525767378521323e+01, 4.024267810960055414e+01, 1.079228896318684405e-01, 5.334638161488049896e-02
3.830000000000000000e+02, 9.100000000000000000e+01, 7.536017173877803543e+01, 4.229029483853710758e+01, 9.067093844098950139e-02, 6.023887754747259821e-02
5.010000000000000000e+02, 7.700000000000000000e+01, 8.821346217924967448e+01, 3.469160652363905939e+01, 1.043474772512929111e-01, 5.478867310891776671e-02
3.880000000000000000e+02, 6.100000000000000000e+01, 7.649869520913424026e+01, 3.617870888982605493e+01, 9.447526191584296185e-02, 5.092217036962088522e-02
4.230000000000000000e+02, 1.010000000000000000e+02, 8.158639797848573494e+01, 3.896300983666839102e+01, 1.014545525823805916e-01, 5.822853935468449982e-02
3.400000000000000000e+02, 6.600000000000000000e+01, 6.891338321922252419e+01, 3.257360388698717912e+01, 7.889914473619066837e-02, 5.080416099289918053e-02
2.500000000000000000e+02, 2.300000000000000000e+01, 5.991998741228240277e+01, 2.860054562656626587e+01, 7.612446688863795663e-02, 4.371741877793593883e-02
4.840000000000000000e+02, 7.100000000000000000e+01, 8.855260231880109245e+01, 3.479915686426225818e+01, 9.989257216177092891e-02, 5.678090378432093521e-02
4.370000000000000000e+02, 4.400000000000000000e+01, 8.559936451659612544e+01, 2.982373742245376036e+01, 1.010949954284320745e-01, 5.101705502950038690e-02
4.770000000000000000e+02, 4.700000000000000000e+01, 9.563637855435182189e+01, 3.221853575059184038e+01, 1.048250322197051554e-01, 4.839623760161164412e-02
4.770000000000000000e+02, 4.100000000000000000e+01, 9.090964775683936239e+01, 3.321760275738874668e+01, 1.067658050323808255e-01, 4.720498493438500531e-02
4.480000000000000000e+02, 3.400000000000000000e+01, 8.857189031932759349e+01, 3.110744478508490118e+01, 8.520433071685452886e-02, 4.679955356367835467e-02
5.180000000000000000e+02, 8.200000000000000000e+01, 9.566838226747313456e+01, 3.395277718368237174e+01, 1.034095418974416425e-01, 5.358145541048080218e-02
4.870000000000000000e+02, 8.900000000000000000e+01, 9.541688319411179009e+01, 4.200418114092542510e+01, 1.010597452794171208e-01, 5.830119316162425680e-02
4.860000000000000000e+02, 9.500000000000000000e+01, 9.588019346190516501e+01, 3.927360642702770832e+01, 1.007661290775759000e-01, 5.723107813001895861e-02
4.750000000000000000e+02, 6.700000000000000000e+01, 8.782113757746385829e+01, 3.315377936630361688e+01, 1.044237751269947168e-01, 5.659319280461028168e-02
4.200000000000000000e+02, 8.300000000000000000e+01, 8.438032544255892731e+01, 3.770735465868486358e+01, 9.295148612562699475e-02, 5.953464732760017919e-02
5.140000000000000000e+02, 6.900000000000000000e+01, 9.738907611496148320e+01, 3.761435804318994514e+01, 9.542582121504598891e-02, 5.364282836514639580e-02
4.750000000000000000e+02, 8.900000000000000000e+01, 9.224802180815746055e+01, 4.081936014489826903e+01, 9.120536858544045500e-02, 6.317847286594119316e-02
5.030000000000000000e+02, 5.400000000000000000e+01, 9.211839628807004487e+01, 3.572731643690820391e+01, 9.729721543421386565e-02, 4.978721400681877796e-02
4.390000000000000000e+02, 6.400000000000000000e+01, 8.925057437367594559e+01, 3.749206702040775951e+01, 1.070490302604629046e-01, 5.440500868539482199e-02
6.480000000000000000e+02, 9.000000000000000000e+01, 1.202946981473741204e+02, 4.176583750823196084e+01, 1.107571125701333203e-01, 5.988831631213365619e-02
4.860000000000000000e+02, 7.200000000000000000e+01, 9.799517193050158426e+01, 4.031123362905423591e+01, 9.682545807976480901e-02, 5.371754665792991684e-02
5.190000000000000000e+02, 7.900000000000000000e+01, 1.022798580113927187e+02, 4.522782045539810980e+01, 9.586725251229114009e-02, 5.984675592502929076e-02
4.680000000000000000e+02, 8.200000000000000000e+01, 1.019325336402902451e+02, 4.233749757141482917e+01, 9.506117829173521550e-02, 5.669377049467719948e-02
2.220000000000000000e+02, 1.700000000000000000e+01, 4.812769986306582837e+01, 2.052806533590948135e+01, 8.169976473806431216e-02, 5.074100860249827760e-02
2.800000000000000000e+02, 4.000000000000000000e+01, 6.979993834288232790e+01, 3.736456155203524077e+01, 8.367674412031299302e-02, 3.913467703753405885e-02
2.370000000000000000e+02, 2.900000000000000000e+01, 5.935840024797516179e+01, 3.681673817473627963e+01, 7.001536033316792251e-02, 3.881202075438137250e-02
3.360000000000000000e+02, 3.000000000000000000e+01, 7.013624659088476676e+01, 3.448603788006104054e+01, 8.995845869811595896e-02, 3.830704338375526263e-02
1.720000000000000000e+02, 2.300000000000000000e+01, 5.135001080607993629e+01, 3.346204072235435234e+01, 6.895263545723993859e-02, 3.780727830630428721e-02
2.070000000000000000e+02, 1.100000000000000000e+01, 5.622694297060876778e+01, 3.185157448867593999e+01, 6.893412432299886317e-02, 3.777767806137852236e-02
2.270000000000000000e+02, 3.300000000000000000e+01, 6.058156270179416936e+01, 3.513634067508043302e+01, 8.826913639712455351e-02, 4.018240783822827483e-02
2.760000000000000000e+02, 4.300000000000000000e+01, 6.799108007856749225e+01, 3.263994815881773803e+01, 9.708516204560946328e-02, 4.408438263104569321e-02
2.490000000000000000e+02, 3.800000000000000000e+01, 5.770202916788986869e+01, 3.397785876449374598e+01, 8.572664735723248275e-02, 4.734679273054263893e-02
2.600000000000000000e+02, 5.600000000000000000e+01, 6.460321304099205975e+01, 3.653389858693647341e+01, 9.792462365699716731e-02, 4.246364339531614324e-02
2.520000000000000000e+02, 2.600000000000000000e+01, 6.172160796942282701e+01, 3.508987014880398903e+01, 8.552496056831845883e-02, 3.995807401150876237e-02
3.470000000000000000e+02, 3.500000000000000000e+01, 7.317774586363483991e+01, 3.638608800662039044e+01, 1.029855515465637472e-01, 4.133090198194349502e-02
2.610000000000000000e+02, 1.900000000000000000e+01, 6.117203639102133650e+01, 3.291942049003438342e+01, 8.513592821518306542e-02, 3.564633323571742701e-02
3.250000000000000000e+02, 1.000000000000000000e+01, 6.764230639166626702e+01, 2.947458604237191793e+01, 1.018656473957024744e-01, 3.225996491605295780e-02
2.200000000000000000e+02, 2.300000000000000000e+01, 5.595141933585718164e+01, 3.508196049606025468e+01, 7.717689878974984263e-02, 3.434109684606295038e-02
1.860000000000000000e+02, 3.700000000000000000e+01, 5.482753217038366245e+01, 4.152103425223780420e+01, 7.506089168458958405e-02, 4.199486345294747847e-02
2.780000000000000000e+02, 4.500000000000000000e+01, 6.265974174229911142e+01, 3.715718758439493286e+01, 8.041169795579326818e-02, 4.323423939199647070e-02
1.370000000000000000e+02, 5.600000000000000000e+01, 4.520538171760786383e+01, 3.684354341527297549e+01, 6.098885968113360034e-02, 3.971135180897807093e-02
1.710000000000000000e+02, 2.600000000000000000e+01, 4.830468068677905080e+01, 3.771327415748145739e+01, 6.843010745787644900e-02, 4.045764786717155614e-02
1.720000000000000000e+02, 2.400000000000000000e+01, 5.075634664514234373e+01, 3.438535771430823473e+01, 7.220943230293636050e-02, 3.463323733746521971e-02
2.300000000000000000e+02, 4.400000000000000000e+01, 5.471593826537340988e+01, 3.226808523217324165e+01, 8.321636221962314117e-02, 4.058059442620121082e-02
1.580000000000000000e+02, 2.200000000000000000e+01, 5.002286375775195637e+01, 3.017362352433411488e+01, 7.466750005390461464e-02, 3.253455417366301478e-02
5.420000000000000000e+02, 4.000000000000000000e+01, 1.101100264979889403e+02, 3.396211991375052719e+01, 1.237866865415896411e-01, 3.843727897300153878e-02
2.520000000000000000e+02, 4.700000000000000000e+01, 6.129765949139324732e+01, 3.304859808728024007e+01, 8.399808923297194529e-02, 4.101161750464061423e-02
2.480000000000000000e+02, 2.300000000000000000e+01, 5.898497229889620996e+01, 3.150835624605448615e+01, 7.291408659922576918e-02, 3.178739741858212231e-02
2.090000000000000000e+02, 3.500000000000000000e+01, 6.057807815762483017e+01, 3.546125768004578305e+01, 8.509779809595077738e-02, 3.618200485706710851e-02
1.880000000000000000e+02, 2.200000000000000000e+01, 5.130512336667775486e+01, 3.339064400825188272e+01, 7.131030659170224661e-02, 3.538242359392345521e-02
1.180000000000000000e+02, 2.900000000000000000e+01, 4.034572777827757051e+01, 3.833335257252478812e+01, 6.075192952807897256e-02, 3.897190419805252742e-02
2.470000000000000000e+02, 6.600000000000000000e+01, 6.136471975159243897e+01, 4.709893720800704386e+01, 7.810281620378083101e-02, 4.618524997919275926e-02
2.790000000000000000e+02, 2.900000000000000000e+01, 6.504830621993529860e+01, 3.715333437724027021e+01, 8.682097955866523165e-02, 4.115872239551490036e-02
2.530000000000000000e+02, 3.500000000000000000e+01, 6.594750956212052984e+01, 3.404861994581020923e+01, 9.492794371747131921e-02, 3.873195372411984000e-02
6.070000000000000000e+02, 1.500000000000000000e+01, 1.131756963251794730e+02, 1.197601919179880170e+01, 1.666402664143467327e-01, 2.403656681309733825e-02
5.860000000000000000e+02, 4.600000000000000000e+01, 1.108375089687151558e+02, 1.867992174324309218e+01, 1.599081714268539012e-01, 3.281172890591355779e-02
6.350000000000000000e+02, 5.600000000000000000e+01, 1.118804641833697957e+02, 2.037424435259305966e+01, 1.637894792306271996e-01, 3.809549871230170914e-02
5.240000000000000000e+02, 0.000000000000000000e+00, 9.517556724404805379e+01, 1.011242309720282684e+01, 1.487351700107876484e-01, 1.692705260756484711e-02
4.620000000000000000e+02, 0.000000000000000000e+00, 8.896664624478191286e+01, 6.502925255598461796e+00, 1.487788471635460019e-01, 1.415488718500238288e-02
5.110000000000000000e+02, 2.000000000000000000e+00, 9.580755308872852538e+01, 1.001112795054660687e+01, 1.299331346097324924e-01, 1.755041490826145245e-02
5.450000000000000000e+02, 2.000000000000000000e+00, 1.005332596863311494e+02, 1.129208980634705739e+01, 1.605476268056686973e-01, 1.881219766792691442e-02
4.320000000000000000e+02, 0.000000000000000000e+00, 7.756990446668829975e+01, 6.647517577777088960e+00, 1.413932753442989909e-01, 1.505291383268111439e-02
4.110000000000000000e+02, 0.000000000000000000e+00, 8.562874140462581352e+01, 5.663107787204915589e+00, 1.560457285776337133e-01, 1.239064598913793697e-02
5.440000000000000000e+02, 3.600000000000000000e+01, 9.544497535077935879e+01, 1.720473333067154442e+01, 1.515502685942039796e-01, 3.718183111646806982e-02
5.580000000000000000e+02, 1.200000000000000000e+01, 1.020971223608226097e+02, 1.296809144580145201e+01, 1.704319215989443526e-01, 2.750088760053426978e-02
5.410000000000000000e+02, 0.000000000000000000e+00, 1.058470440139542887e+02, 9.294265856217649002e+00, 1.875704939077536271e-01, 1.823893823433141506e-02
4.190000000000000000e+02, 2.900000000000000000e+01, 7.992082718465648838e+01, 1.281890093350059345e+01, 1.681760909370478840e-01, 4.184044370428188775e-02
5.010000000000000000e+02, 7.000000000000000000e+00, 9.639485759800035680e+01, 1.012397872917517994e+01, 1.615389990494137396e-01, 2.032959806672316946e-02
5.940000000000000000e+02, 0.000000000000000000e+00, 1.172001108418069606e+02, 9.982754997402892627e+00, 1.949842868404512153e-01, 1.692954747108578115e-02
6.070000000000000000e+02, 1.700000000000000000e+01, 1.078060656799256378e+02, 1.419828701988053687e+01, 1.914748109215170246e-01, 2.673753321228409044e-02
6.090000000000000000e+02, 3.000000000000000000e+01, 1.223239149717500709e+02, 1.594494502592924334e+01, 2.264368600962292921e-01, 3.419978381509904131e-02
5.860000000000000000e+02, 3.100000000000000000e+01, 1.101948861483808457e+02, 1.648074206076881154e+01, 1.820746623559376942e-01, 3.184329132707892918e-02
5.200000000000000000e+02, 3.600000000000000000e+01, 9.345523421917950202e+01, 1.490141196500040444e+01, 2.021123303025714191e-01, 3.532100671015462462e-02
5.370000000000000000e+02, 2.500000000000000000e+01, 1.065554871071605589e+02, 1.474163644076995361e+01, 1.869995654000080054e-01, 2.950641447857608318e-02
5.320000000000000000e+02, 3.000000000000000000e+00, 9.313932349119605192e+01, 1.148489748581888925e+01, 1.780148773980753940e-01, 2.331173558798708273e-02
5.690000000000000000e+02, 2.000000000000000000e+01, 1.204913084567564567e+02, 1.472152719080543548e+01, 2.203602942529179209e-01, 2.860604508712838098e-02
4.900000000000000000e+02, 1.500000000000000000e+01, 9.333270350864296461e+01, 1.182124080081199224e+01, 1.988727738339542417e-01, 2.660233813540336181e-02
3.610000000000000000e+02, 0.000000000000000000e+00, 6.728924243017196716e+01, 5.566472637761315845e+00, 1.675072204608190896e-01, 1.532010138150709591e-02
5.290000000000000000e+02, 1.700000000000000000e+01, 1.019063726728316936e+02, 1.265799447286800472e+01, 1.873558257339832389e-01, 2.570587856714915201e-02
5.850000000000000000e+02, 1.400000000000000000e+01, 1.067946732668507366e+02, 1.039620557998031281e+01, 2.055077887334563758e-01, 2.437137900472928151e-02
6.080000000000000000e+02, 0.000000000000000000e+00, 1.172971146424626880e+02, 1.106673257917328712e+01, 2.021974731646557222e-01, 1.944653458662372325e-02
6.600000000000000000e+02, 6.000000000000000000e+00, 1.339725175386474803e+02, 1.401305870358833872e+01, 2.512436366836346968e-01, 2.570133356969311889e-02
6.000000000000000000e+02, 3.000000000000000000e+00, 1.191256640994524929e+02, 1.159213196417570124e+01, 2.279792526207368442e-01, 2.407818531080355151e-02
6.430000000000000000e+02, 0.000000000000000000e+00, 1.194859692393364838e+02, 8.892815082243629377e+00, 2.188156906683514369e-01, 1.770599817073080506e-02
7.380000000000000000e+02, 0.000000000000000000e+00, 1.528518638160713863e+02, 7.382099947770699444e+00, 2.292761519535384818e-01, 1.515802438368963126e-02
7.410000000000000000e+02, 0.000000000000000000e+00, 1.482521702197816182e+02, 7.973580346379861794e+00, 2.003576785129259907e-01, 1.447047179035099856e-02
6.890000000000000000e+02, 0.000000000000000000e+00, 1.368735950207114058e+02, 9.305936347178667134e+00, 2.008745167218676242e-01, 1.684924177469921888e-02
6.290000000000000000e+02, 0.000000000000000000e+00, 1.251834381878012010e+02, 6.536067518714229863e+00, 2.140922052536438358e-01, 1.275061012420628317e-02
6.510000000000000000e+02, 0.000000000000000000e+00, 1.281406167222470458e+02, 6.685973440557533287e+00, 1.908603781356996709e-01, 1.378359175599960969e-02
4.360000000000000000e+02, 0.000000000000000000e+00, 8.430145028271230956e+01, 6.697025073562952180e+00, 1.410033903662402111e-01, 1.444565488778690870e-02
6.240000000000000000e+02, 0.000000000000000000e+00, 1.180462000908512721e+02, 6.942086175975853202e+00, 1.750669589862921538e-01, 1.388462188966483983e-02
5.820000000000000000e+02, 0.000000000000000000e+00, 1.140964084808311014e+02, 6.180715001603887870e+00, 1.675715075759345030e-01, 1.352364246446427151e-02
6.550000000000000000e+02, 0.000000000000000000e+00, 1.305745840998268079e+02, 8.370040161228448738e+00, 1.787794656789358783e-01, 1.404911009186412055e-02
5.270000000000000000e+02, 0.000000000000000000e+00, 1.026659158118295352e+02, 7.867439316766311919e+00, 1.764493803001219163e-01, 1.542107238583226292e-02
5.080000000000000000e+02, 0.000000000000000000e+00, 1.011188956839087325e+02, 5.871804397055123026e+00, 1.641199887036260407e-01, 1.201201547331064677e-02
5.480000000000000000e+02, 0.000000000000000000e+00, 1.067849682545454328e+02, 7.378632807784059722e+00, 1.916416289503417303e-01, 1.470345571475211235e-02
5.440000000000000000e+02, 0.000000000000000000e+00, 9.950303184359488284e+01, 6.160679307377689540e+00, 1.793990568086511195e-01, 1.451136962953272769e-02
5.380000000000000000e+02, 0.000000000000000000e+00, 1.047187008652109199e+02, 7.216798058559898976e+00, 1.912926722306784455e-01, 1.521345819142574940e-02
6.040000000000000000e+02, 8.000000000000000000e+00, 1.168042992553678090e+02, 9.305624500593319581e+00, 1.990280617073592329e-01, 1.867908608178119739e-02
5.510000000000000000e+02, 0.000000000000000000e+00, 1.064922887963925007e+02, 8.632053001211389187e+00, 1.807623466698170256e-01, 1.581333687169795416e-02
5.660000000000000000e+02, 0.000000000000000000e+00, 1.101966372618684460e+02, 7.071017403407329205e+00, 1.854796033350603890e-01, 1.520316789799990020e-02
6.280000000000000000e+02, 0.000000000000000000e+00, 1.220371500619734206e+02, 7.014011256694113072e+00, 2.026114636895987309e-01, 1.449308982822032632e-02
5.710000000000000000e+02, 0.000000000000000000e+00, 1.141662320306161860e+02, 6.458883607840900432e+00, 2.002176105648737492e-01, 1.422647958645476343e-02
5.510000000000000000e+02, 0.000000000000000000e+00, 1.000808631897700991e+02, 5.734858286570193364e+00, 1.624243853030128137e-01, 1.368404359204836857e-02
6.140000000000000000e+02, 2.000000000000000000e+00, 1.280209202431057633e+02, 9.771366608773403684e+00, 2.201479968578617941e-01, 1.879359125579755166e-02
4.960000000000000000e+02, 0.000000000000000000e+00, 1.018846302947588782e+02, 6.275609596298163950e+00, 1.983362730882805569e-01, 1.374502384498167522e-02
5.090000000000000000e+02, 0.000000000000000000e+00, 9.624470522729647826e+01, 7.313937887793636072e+00, 1.631557426366248842e-01, 1.694286858099495682e-02
4.960000000000000000e+02, 1.400000000000000000e+01, 1.018364099663830018e+02, 1.069017399254701139e+01, 1.845969265514646740e-01, 3.538463256381002564e-02
4.660000000000000000e+02, 0.000000000000000000e+00, 8.905383082297986164e+01, 5.747367808330691830e+00, 1.637475752434748022e-01, 1.477484823415747828e-02
4.770000000000000000e+02, 0.000000000000000000e+00, 9.913387210534946803e+01, 6.473302964068301968e+00, 1.901321642155663072e-01, 1.681477879019321886e-02
5.330000000000000000e+02, 0.000000000000000000e+00, 1.048367445414718730e+02, 6.438350738494219350e+00, 1.860730002528618865e-01, 1.558385109935421335e-02
5.300000000000000000e+02, 0.000000000000000000e+00, 1.011405255333408206e+02, 7.757218633473880409e+00, 2.005746551742277062e-01, 1.736909762296280982e-02
5.800000000000000000e+02, 0.000000000000000000e+00, 1.169550479849020519e+02, 9.122216274441644401e+00, 1.916296835140710586e-01, 1.676612944857147625e-02
5.550000000000000000e+02, 0.000000000000000000e+00, 1.100787163909655106e+02, 7.123566728077772581e+00, 1.938691286106730693e-01, 1.540044832985696353e-02
6.440000000000000000e+02, 8.000000000000000000e+00, 1.176829347468273426e+02, 1.049996650473705273e+01, 1.614801488719191103e-01, 1.773836079351329489e-02
7.300000000000000000e+02, 0.000000000000000000e+00, 1.402678788185223198e+02, 9.796476795438806562e+00, 1.775939648395460924e-01, 1.465497369574638928e-02
6.810000000000000000e+02, 0.000000000000000000e+00, 1.223676237311509851e+02, 9.401082033065360832e+00, 1.664771400037880489e-01, 1.238148065553603197e-02
6.670000000000000000e+02, 1.100000000000000000e+01, 1.242140314806620438e+02, 1.122253397768005811e+01, 1.749644767474045903e-01, 2.090966310462888736e-02
7.190000000000000000e+02, 0.000000000000000000e+00, 1.361480307474107860e+02, 9.621033229706718259e+00, 1.692502591535217926e-01, 1.251387017058758731e-02
6.580000000000000000e+02, 0.000000000000000000e+00, 1.204462399548954323e+02, 9.602079038208044537e+00, 1.844301480292372397e-01, 1.523797289338282325e-02
6.000000000000000000e+02, 0.000000000000000000e+00, 1.131279043427321227e+02, 8.271118785252131289e+00, 1.840863761011189426e-01, 1.396549444247753742e-02
6.240000000000000000e+02, 0.000000000000000000e+00, 1.201916388849028294e+02, 7.755950294456972038e+00, 1.841887888665932060e-01, 1.413751088387823346e-02
6.640000000000000000e+02, 0.000000000000000000e+00, 1.307847979601512520e+02, 1.015186496789150539e+01, 1.841383563375702248e-01, 1.582933900071593555e-02
6.840000000000000000e+02, 0.000000000000000000e+00, 1.288344175092693717e+02, 8.506928189482449554e+00, 1.566841104310846000e-01, 1.272669841094903331e-02
4.950000000000000000e+02, 0.000000000000000000e+00, 8.820375048383698413e+01, 6.366803626988333242e+00, 1.521992388530312990e-01, 1.425369646003220997e-02
5.110000000000000000e+02, 0.000000000000000000e+00, 9.495483862913921769e+01, 7.940009848041017726e+00, 1.611676720245133754e-01, 1.702991687893730399e-02
4.860000000000000000e+02, 0.000000000000000000e+00, 9.408974794933139663e+01, 8.047156062231943352e+00, 1.529185659925414997e-01, 1.594638565053156654e-02
5.720000000000000000e+02, 3.000000000000000000e+00, 1.123413170088403206e+02, 7.967082960778842704e+00, 1.811917334188360429e-01, 1.594863439813239137e-02
5.050000000000000000e+02, 0.000000000000000000e+00, 9.170548730940704729e+01, 6.893211197927223921e+00, 1.672190656256513364e-01, 1.480892102328902962e-02
5.280000000000000000e+02, 0.000000000000000000e+00, 1.064917415589596885e+02, 6.591501729481986871e+00, 1.809510541414780793e-01, 1.330548615334254704e-02
5.570000000000000000e+02, 0.000000000000000000e+00, 1.004131749327898149e+02, 6.766664751750339768e+00, 1.858763430381725756e-01, 1.468676478869777348e-02
5.480000000000000000e+02, 0.000000000000000000e+00, 1.070835543202293678e+02, 7.593271009491911805e+00, 1.925195929730784683e-01, 1.787106062763081649e-02
6.580000000000000000e+02, 6.000000000000000000e+00, 1.283295643788289340e+02, 1.210689474277420885e+01, 1.919688240998032869e-01, 2.019445547270874372e-02
6.820000000000000000e+02, 1.000000000000000000e+00, 1.253016736604238304e+02, 9.989021580419835900e+00, 1.824654386580872589e-01, 1.663431876644668253e-02
5.290000000000000000e+02, 0.000000000000000000e+00, 1.065215413118004335e+02, 9.045343445563771567e+00, 1.876136795869692009e-01, 1.858386784968457314e-02
6.160000000000000000e+02, 0.000000000000000000e+00, 1.199547027164310293e+02, 8.367686669117260223e+00, 1.951670664276097533e-01, 1.857940641099502938e-02
5.380000000000000000e+02, 0.000000000000000000e+00, 1.093122137321104077e+02, 6.882855894583628675e+00, 1.938279882667482412e-01, 1.780238121326933876e-02
5.930000000000000000e+02, 0.000000000000000000e+00, 1.123066379064379134e+02, 9.668351427223139893e+00, 1.712628067535789667e-01, 2.026753616699855653e-02
5.500000000000000000e+02, 0.000000000000000000e+00, 1.086783127299990497e+02, 9.442352980443160959e+00, 2.003502493758093639e-01, 1.984298720703773708e-02
5.620000000000000000e+02, 0.000000000000000000e+00, 1.101144371941440028e+02, 9.208261682532807413e+00, 1.870001491030092722e-01, 1.897350294954105315e-02
4.560000000000000000e+02, 0.000000000000000000e+00, 9.707434747178979251e+01, 7.202288826891720674e+00, 1.972803337004608304e-01, 1.563887853068544193e-02
4.390000000000000000e+02, 0.000000000000000000e+00, 8.847943166103154056e+01, 7.437118232393351569e+00, 1.684055853629649602e-01, 1.585302686786923404e-02
6.450000000000000000e+02, 0.000000000000000000e+00, 1.347997837250105420e+02, 1.146168547847945973e+01, 2.126437823706759378e-01, 2.013665477802869044e-02
8.000000000000000000e+02, 3.000000000000000000e+00, 1.562999944215557946e+02, 1.228351972374835555e+01, 2.233926099910348573e-01, 1.971923431991265407e-02
1.700000000000000000e+01, 0.000000000000000000e+00, 2.485318176148786407e+01, 6.303729762474254095e+00, 2.817212608222945461e-02, 7.124556446330276328e-03
1.100000000000000000e+01, 0.000000000000000000e+00, 1.252541363383124207e+01, 3.441305729393766555e+00, 2.297904982875686314e-02, 4.223229248805478175e-03
1.200000000000000000e+01, 0.000000000000000000e+00, 1.468433482229956866e+01, 3.367048916955654558e+00, 2.411979330393556123e-02, 3.746897559371010350e-03
1.500000000000000000e+01, 0.000000000000000000e+00, 1.757698113615808566e+01, 3.622760669282095503e+00, 2.545400849659710044e-02, 4.093487861093190495e-03
1.400000000000000000e+01, 0.000000000000000000e+00, 1.743199981410099042e+01, 3.869029353137131810e+00, 2.711368763728238054e-02, 5.232014857570870328e-03
1.100000000000000000e+01, 0.000000000000000000e+00, 1.207482091594024887e+01, 3.126057514009720428e+00, 2.588196967505268162e-02, 4.226455666723061798e-03
7.000000000000000000e+00, 0.000000000000000000e+00, 1.291966433257175595e+01, 3.563075862377717229e+00, 2.031826843984870651e-02, 4.161990692750185301e-03
3.100000000000000000e+01, 0.000000000000000000e+00, 1.820850961080212116e+01, 3.801330981225068850e+00, 3.986390417172006040e-02, 4.560887619457462336e-03
5.000000000000000000e+00, 0.000000000000000000e+00, 1.739983971109801786e+01, 3.593358295340862707e+00, 2.402766204497766567e-02, 3.729389521044307147e-03
1.300000000000000000e+01, 0.000000000000000000e+00, 1.355146707390185057e+01, 2.955864267957778235e+00, 2.236705535576793621e-02, 3.625654910562169358e-03
1.600000000000000000e+01, 0.000000000000000000e+00, 1.673292238657180420e+01, 3.451923957372192042e+00, 2.384315237205944862e-02, 3.601803000975871936e-03
7.000000000000000000e+00, 0.000000000000000000e+00, 1.638133520826949052e+01, 3.890850607859639432e+00, 2.488849520122682693e-02, 3.870135427968665956e-03
5.000000000000000000e+00, 0.000000000000000000e+00, 1.719591950420173987e+01, 3.607068589356277055e+00, 2.552095411812393619e-02, 4.083500392256683188e-03
1.600000000000000000e+01, 0.000000000000000000e+00, 1.798646819823505894e+01, 3.482529472269331183e+00, 2.798245588176147963e-02, 4.426300535835332901e-03
3.600000000000000000e+01, 0.000000000000000000e+00, 2.116408564800513048e+01, 3.890596156179402687e+00, 3.325960714054971429e-02, 4.524609885332902225e-03
2.300000000000000000e+01, 0.000000000000000000e+00, 2.187567305968407183e+01, 4.206349745634302195e+00, 3.102271000713693536e-02, 3.802102420156125082e-03
1.100000000000000000e+01, 0.000000000000000000e+00, 1.779455867259621016e+01, 3.841704385138471789e+00, 2.674904131289148126e-02, 4.115538815047321483e-03
1.800000000000000000e+01, 0.000000000000000000e+00, 1.575495595126377602e+01, 3.604296754645340606e+00, 2.659080926222032182e-02, 4.578760890813753787e-03
1.200000000000000000e+01, 0.000000000000000000e+00, 1.733198958610104867e+01, 4.179010016977827036e+00, 2.499442742153489341e-02, 4.077887606648217429e-03
1.700000000000000000e+01, 0.000000000000000000e+00, 1.639568607181284321e+01, 3.791595063611866046e+00, 2.753128890407406312e-02, 4.541330237579680427e-03
1.900000000000000000e+01, 0.000000000000000000e+00, 1.856758459077141055e+01, 4.441352750298602992e+00, 2.665670234961617716e-02, 4.566573714210085157e-03
1.800000000000000000e+01, 0.000000000000000000e+00, 1.979843578609844812e+01, 4.691826237024598889e+00, 2.940949630890887789e-02, 4.606913504186566435e-03
1.100000000000000000e+01, 0.000000000000000000e+00, 1.729975069750583216e+01, 4.023050043962517641e+00, 2.549256485359027366e-02, 4.601306104682402823e-03
1.500000000000000000e+01, 0.000000000000000000e+00, 1.797356495010159705e+01, 4.799621968897460178e+00, 2.717056610166615135e-02, 4.982455524544724713e-03
1.500000000000000000e+01, 0.000000000000000000e+00, 1.660702176339580305e+01, 4.331833432766059921e+00, 2.899774744430806336e-02, 4.537908975298686649e-03
1.500000000000000000e+01, 0.000000000000000000e+00, 1.330476493000460536e+01, 3.646894627281993984e+00, 2.814869085572292359e-02, 4.849239392836514166e-03
1.100000000000000000e+01, 0.000000000000000000e+00, 1.393563910307751286e+01, 4.186978695507289849e+00, 2.638194980566026249e-02, 5.340736950504043970e-03
2.000000000000000000e+01, 0.000000000000000000e+00, 1.608351169060406605e+01, 4.822539755831027009e+00, 2.836470742989772795e-02, 4.600722883923231282e-03
1.200000000000000000e+01, 0.000000000000000000e+00, 1.308542770452750936e+01, 3.934637375241277990e+00, 2.765074812628796549e-02, 5.420437977448482568e-03
2.100000000000000000e+01, 0.000000000000000000e+00, 1.589954581317660498e+01, 3.704592133119132491e+00, 2.831321191406209123e-02, 4.243875247944012795e-03
3.000000000000000000e+00, 0.000000000000000000e+00, 8.909364449016688781e+00, 5.370832871786291207e+00, 1.520060366266899957e-02, 1.055047355066322801e-02
1.100000000000000000e+01, 0.000000000000000000e+00, 1.097033089259173799e+01, 3.629141828715906737e+00, 2.184482705265944000e-02, 5.870498696752979133e-03
9.000000000000000000e+00, 0.000000000000000000e+00, 1.029165984762326680e+01, 6.564032226639757717e+00, 1.793008359825556605e-02, 1.230933132379456209e-02
8.000000000000000000e+00, 0.000000000000000000e+00, 1.093190373315288966e+01, 4.950442213439513850e+00, 2.010827324952536507e-02, 9.808744437170802480e-03
7.000000000000000000e+00, 0.000000000000000000e+00, 8.674910246515002754e+00, 4.270159929219565775e+00, 2.140874737642104939e-02, 8.858881453365229780e-03
0.000000000000000000e+00, 0.000000000000000000e+00, 6.536818807306249646e+00, 4.691107833408997507e+00, 1.164346767023082159e-02, 8.727185091659928062e-03
2.000000000000000000e+00, 0.000000000000000000e+00, 4.434633988733329701e+00, 2.931757227346047490e+00, 9.706088131553273352e-03, 6.035702177162793544e-03
0.000000000000000000e+00, 0.000000000000000000e+00, 1.147833998374785169e+00, 6.726759620005123841e-01, 4.408137996115825581e-03, 2.050489813974438590e-03
0.000000000000000000e+00, 0.000000000000000000e+00, 5.097221448939952992e+00, 3.751059086915577101e+00, 7.771586108416500202e-03, 7.098072993816284017e-03
2.000000000000000000e+00, 0.000000000000000000e+00, 7.128444002646178390e+00, 3.891603404646971409e+00, 1.473521268330910995e-02, 5.887407716577813463e-03
2.000000000000000000e+00, 0.000000000000000000e+00, 7.092575968163935762e+00, 3.881744945086440524e+00, 1.294506403129525203e-02, 5.801526978164976527e-03
0.000000000000000000e+00, 0.000000000000000000e+00, 6.032135509978498789e+00, 3.460902245805764998e+00, 1.171169329379509461e-02, 6.826049847060716540e-03
0.000000000000000000e+00, 0.000000000000000000e+00, 6.791743227274456451e+00, 4.038292702582322313e+00, 1.206080941865866722e-02, 7.563116755033256339e-03
1.000000000000000000e+00, 0.000000000000000000e+00, 7.618568722633953350e+00, 3.985697134281540599e+00, 1.274329850429069440e-02, 6.723792507581115296e-03
0.000000000000000000e+00, 0.000000000000000000e+00, 6.983373972191178503e+00, 4.162100103337968982e+00, 1.008091430404886232e-02, 6.670604279453703350e-03
0.000000000000000000e+00, 0.000000000000000000e+00, 4.431722984326659009e+00, 3.458120315496997943e+00, 7.100922378366742414e-03, 5.864734792715779223e-03
0.000000000000000000e+00, 0.000000000000000000e+00, 4.323179627840072037e+00, 3.180714268873211292e+00, 5.437386115161971754e-03, 4.173152991390909755e-03
0.000000000000000000e+00, 0.000000000000000000e+00, 4.405382977235104747e+00, 2.735976452703611450e+00, 7.285106419634657278e-03, 4.571018255051327757e-03
0.000000000000000000e+00, 0.000000000000000000e+00, 4.690151592783807999e+00, 3.885371628234192354e+00, 8.793618667550651483e-03, 7.668234150866554827e-03
0.000000000000000000e+00, 0.000000000000000000e+00, 4.457594106347406715e+00, 3.215348845759645968e+00, 7.072657879464729763e-03, 6.486001519568769004e-03
0.000000000000000000e+00, 0.000000000000000000e+00, 4.136690611086211611e+00, 2.944344360053596787e+00, 7.226855575888804437e-03, 5.636102425952904497e-03
0.000000000000000000e+00, 0.000000000000000000e+00, 4.210339351834978316e+00, 3.811512039008345454e+00, 7.878227815386345048e-03, 7.212677467765975931e-03
0.000000000000000000e+00, 0.000000000000000000e+00, 4.155401410395665351e+00, 3.015200373194509176e+00, 6.901086419951211678e-03, 5.462274412071489380e-03
0.000000000000000000e+00, 0.000000000000000000e+00, 3.905588893553884056e+00, 2.917124515031596310e+00, 7.319547717354670489e-03, 4.809494559469035431e-03
0.000000000000000000e+00, 0.000000000000000000e+00, 4.615467984492535258e+00, 4.365104588715887246e+00, 8.440425704017408270e-03, 9.408012188787550148e-03
0.000000000000000000e+00, 0.000000000000000000e+00, 4.564646433968240657e+00, 3.612399445947944265e+00, 8.352767999173487529e-03, 6.704932450201033824e-03
0.000000000000000000e+00, 0.000000000000000000e+00, 4.370042010490885254e+00, 2.785702049499905186e+00, 8.976260286471738487e-03, 5.637628049323869205e-03
0.000000000000000000e+00, 0.000000000000000000e+00, 6.211984880615468718e+00, 3.617539207935976275e+00, 1.193530018614248275e-02, 7.342871058031619387e-03
2.000000000000000000e+00, 0.000000000000000000e+00, 6.620977828658569209e+00, 3.721647999359237513e+00, 1.466436586377676751e-02, 6.923902847582817308e-03
0.000000000000000000e+00, 0.000000000000000000e+00, 5.031973014576840875e+00, 4.068857414536569905e+00, 9.523532331781678004e-03, 7.993078495017692450e-03
4.400000000000000000e+01, 0.000000000000000000e+00, 3.648010320452319633e+01, 5.728803878388569970e+00, 2.978290122679006294e-02, 3.453527399487964049e-03
2.400000000000000000e+01, 0.000000000000000000e+00, 2.303262423525512048e+01, 3.647416802349712661e+00, 2.837074725331696634e-02, 3.819474019735898899e-03
1.300000000000000000e+01, 0.000000000000000000e+00, 2.306983406588469165e+01, 4.161704795405743340e+00, 2.720166206568793224e-02, 3.714199512674873100e-03
1.300000000000000000e+01, 0.000000000000000000e+00, 1.871583192807908347e+01, 3.509768568889821694e+00, 2.734035651716618803e-02, 3.965758087044673336e-03
1.700000000000000000e+01, 0.000000000000000000e+00, 1.588757391724236179e+01, 2.765339843301442446e+00, 2.640616757176235743e-02, 4.748695311211833039e-03
2.000000000000000000e+01, 0.000000000000000000e+00, 1.523627053276977250e+01, 2.751645109638023001e+00, 3.037142555858674681e-02, 3.537640949832874995e-03
1.500000000000000000e+01, 0.000000000000000000e+00, 1.851779337961958305e+01, 3.721372195598072086e+00, 2.704010251206429016e-02, 3.888456468183892900e-03
1.000000000000000000e+01, 0.000000000000000000e+00, 1.844971597077792680e+01, 3.828604477471090561e+00, 2.358481374828737265e-02, 3.523100272389213545e-03
3.000000000000000000e+00, 0.000000000000000000e+00, 9.699317140168718154e+00, 2.519530519181444994e+00, 2.036735289840058485e-02, 5.065041183784662129e-03
4.000000000000000000e+00, 0.000000000000000000e+00, 1.236161325290138358e+01, 2.877098483899432235e+00, 2.120533008228736235e-02, 3.795505134631280749e-03
2.400000000000000000e+01, 0.000000000000000000e+00, 2.087577767537569784e+01, 4.085844477500234717e+00, 3.003446310689065341e-02, 4.000230113834912435e-03
1.600000000000000000e+01, 0.000000000000000000e+00, 1.520925803780542118e+01, 2.862884528467129819e+00, 2.807246652316616395e-02, 4.078630158720637083e-03
2.300000000000000000e+01, 0.000000000000000000e+00, 1.975561869066778442e+01, 3.949532856676568837e+00, 2.873160875582338181e-02, 4.218550089326396704e-03
1.500000000000000000e+01, 0.000000000000000000e+00, 1.696594449075760380e+01, 4.079166118014341258e+00, 2.849784184677901094e-02, 4.456323887504860283e-03
1.700000000000000000e+01, 0.000000000000000000e+00, 1.866553927170812344e+01, 4.498127975489821573e+00, 2.709157945699411027e-02, 4.668207788784432474e-03
6.000000000000000000e+00, 0.000000000000000000e+00, 1.834779163297992000e+01, 4.616042189907776816e+00, 2.530790098467529739e-02, 4.460754525527876359e-03
1.200000000000000000e+01, 0.000000000000000000e+00, 2.119025442106422474e+01, 5.202625747397013001e+00, 2.434609173600764398e-02, 4.220913219030964988e-03
1.600000000000000000e+01, 0.000000000000000000e+00, 1.431441826181962718e+01, 3.486805405683992110e+00, 3.193538304556686053e-02, 5.557918639877014455e-03
9.000000000000000000e+00, 0.000000000000000000e+00, 1.255169131038140939e+01, 2.994097860498406316e+00, 2.434845116755601432e-02, 5.078018601594186041e-03
1.500000000000000000e+01, 0.000000000000000000e+00, 1.849612508435033220e+01, 4.507345503156420463e+00, 2.886139675724972917e-02, 4.943046050263313028e-03
4.000000000000000000e+00, 0.000000000000000000e+00, 1.816265932990900467e+01, 4.669060139266719922e+00, 2.318605845602744742e-02, 4.245535317168996729e-03
1.200000000000000000e+01, 0.000000000000000000e+00, 1.226547886700158507e+01, 3.400590926519243329e+00, 2.624867665907218428e-02, 4.586989992332769425e-03
5.000000000000000000e+00, 0.000000000000000000e+00, 1.694555436455638286e+01, 4.911501036293564937e+00, 2.480432920517793710e-02, 4.828931431401001576e-03
3.000000000000000000e+00, 0.000000000000000000e+00, 1.044223028011952437e+01, 3.371741979230442166e+00, 2.383242105989783963e-02, 8.423483201842552059e-03
1.000000000000000000e+01, 0.000000000000000000e+00, 1.196673051496814111e+01, 3.602631292194538482e+00, 2.557520569094250476e-02, 5.777446354608656125e-03
1.700000000000000000e+01, 0.000000000000000000e+00, 1.864139658072795669e+01, 4.986635218439498196e+00, 2.430649391204458762e-02, 4.834906303854290613e-03
0.000000000000000000e+00, 0.000000000000000000e+00, 1.107721310738509857e+01, 3.391119164114031026e+00, 2.533407842955665359e-02, 4.856885288942729140e-03
8.000000000000000000e+00, 0.000000000000000000e+00, 1.223538271066406757e+01, 3.545919817762884563e+00, 2.565231644132684452e-02, 4.878242791678667582e-03
4.000000000000000000e+00, 0.000000000000000000e+00, 1.623436140510934322e+01, 5.263669054265054825e+00, 2.075548496332511872e-02, 5.053761585214984475e-03
4.000000000000000000e+00, 0.000000000000000000e+00, 1.513976054370856339e+01, 4.714213202712272732e+00, 2.272485841468088741e-02, 4.470560599437824190e-03
2.100000000000000000e+01, 0.000000000000000000e+00, 1.861684619333925994e+01, 4.629003322767289319e+00, 2.859061464314555448e-02, 4.122579676205242322e-03
3.200000000000000000e+01, 0.000000000000000000e+00, 2.402248295295224167e+01, 5.832654766264726121e+00, 2.871376949655575148e-02, 4.107265803247243593e-03
4.800000000000000000e+01, 0.000000000000000000e+00, 2.604573441596650341e+01, 5.165787295450710026e+00, 3.207201059095551865e-02, 4.733018358087799290e-03
3.100000000000000000e+01, 0.000000000000000000e+00, 2.404461776271148210e+01, 5.719547205277931035e+00, 2.986641431834165597e-02, 5.024510673762535608e-03
3.700000000000000000e+01, 0.000000000000000000e+00, 2.828565766867849973e+01, 6.614936165599506701e+00, 3.189021365218019238e-02, 4.865666206706136844e-03
4.100000000000000000e+01, 0.000000000000000000e+00, 2.758998888638960878e+01, 5.982386705282215722e+00, 3.199066971091524963e-02, 4.430047991123578499e-03
5.200000000000000000e+01, 0.000000000000000000e+00, 2.744711369045791116e+01, 6.370663291466005518e+00, 3.654293172437433207e-02, 7.192982909109891208e-03
5.300000000000000000e+01, 0.000000000000000000e+00, 2.623819734017331129e+01, 6.698609173083714730e+00, 3.616934530676046977e-02, 8.827461190412369887e-03
5.200000000000000000e+01, 0.000000000000000000e+00, 3.094297345627931861e+01, 7.601832391956119928e+00, 3.403859941184478322e-02, 7.298451903350443130e-03
7.400000000000000000e+01, 0.000000000000000000e+00, 2.956588540180071334e+01, 7.726268918834767518e+00, 3.580862143094186434e-02, 1.002454390273238571e-02
5.500000000000000000e+01, 0.000000000000000000e+00, 3.602124846715912554e+01, 8.814171369692349600e+00, 3.607667836203606870e-02, 7.588771096675606120e-03
6.700000000000000000e+01, 0.000000000000000000e+00, 3.305211059218465408e+01, 1.005179136587547717e+01, 3.817398241679448995e-02, 1.349862353719076709e-02
5.200000000000000000e+01, 0.000000000000000000e+00, 2.926107303859000197e+01, 8.911453139872206108e+00, 3.796797849471372083e-02, 1.488235417540695500e-02
1.030000000000000000e+02, 1.000000000000000000e+00, 3.755599317245355451e+01, 1.278392341304276592e+01, 4.231416915386428806e-02, 1.867213439490541735e-02
4.600000000000000000e+01, 0.000000000000000000e+00, 2.956477311699719834e+01, 1.129476497989134032e+01, 3.427620366490616993e-02, 1.870227077440637931e-02
6.400000000000000000e+01, 0.000000000000000000e+00, 3.091513078748570820e+01, 1.176151201284650050e+01, 3.762508704128025155e-02, 1.666089651448884879e-02
8.300000000000000000e+01, 1.000000000000000000e+00, 3.579952497518164733e+01, 1.646173391092736438e+01, 3.997793979889437133e-02, 2.266169975437141645e-02
8.300000000000000000e+01, 3.000000000000000000e+00, 3.803927896795505603e+01, 1.838194419978491823e+01, 3.992325250298098954e-02, 2.255350906022016502e-02
9.500000000000000000e+01, 3.000000000000000000e+00, 3.267226275604561891e+01, 1.292117581833388762e+01, 4.444841461401957683e-02, 2.014689028658590148e-02
7.600000000000000000e+01, 0.000000000000000000e+00, 3.142405700662514434e+01, 1.075772450334863528e+01, 4.186842285248557755e-02, 1.642108128251782914e-02
6.900000000000000000e+01, 0.000000000000000000e+00, 3.118827989283328250e+01, 1.074975455924442791e+01, 4.445066282045240236e-02, 1.535583325515537008e-02
7.300000000000000000e+01, 0.000000000000000000e+00, 3.337818847932314270e+01, 1.307337368331628369e+01, 4.186861449860714707e-02, 1.989430118786278054e-02
6.700000000000000000e+01, 0.000000000000000000e+00, 3.400160097705102658e+01, 1.442883407245351002e+01, 4.141895690189799362e-02, 2.048745885048617460e-02
6.800000000000000000e+01, 0.000000000000000000e+00, 3.264989442177927259e+01, 1.304478339881413618e+01, 4.088923446624569136e-02, 1.800037848317510500e-02
8.100000000000000000e+01, 0.000000000000000000e+00, 2.959250942276421270e+01, 1.103073888186347773e+01, 4.393612426739734039e-02, 1.815259489555277189e-02
9.100000000000000000e+01, 0.000000000000000000e+00, 3.951535076191072449e+01, 1.297823172481043486e+01, 3.946679465252331959e-02, 1.297976389672898107e-02
7.100000000000000000e+01, 0.000000000000000000e+00, 2.985861728998725795e+01, 1.054292150667075312e+01, 4.102782758019489495e-02, 1.725181671073625772e-02
1.280000000000000000e+02, 0.000000000000000000e+00, 4.522140650298412368e+01, 1.337822819825553822e+01, 4.452282018709105560e-02, 1.531224990777765860e-02
1.000000000000000000e+02, 0.000000000000000000e+00, 3.832597954840133525e+01, 8.915472068871142852e+00, 4.688629012573247712e-02, 1.178786889490402584e-02
1.270000000000000000e+02, 0.000000000000000000e+00, 3.981164692491745427e+01, 9.515901361590985985e+00, 4.763880887624419302e-02, 1.520616312163457565e-02
1.810000000000000000e+02, 0.000000000000000000e+00, 4.422812466165060385e+01, 6.090974931139671256e+00, 4.735856478969355937e-02, 5.721426366650032326e-03
1.290000000000000000e+02, 1.000000000000000000e+00, 3.888459157159826418e+01, 5.498427581744672388e+00, 5.173928747470927375e-02, 6.958638037407398856e-03
7.300000000000000000e+01, 0.000000000000000000e+00, 3.556066688242334095e+01, 6.416405092715543823e+00, 3.829718016143320025e-02, 5.101181521293414456e-03
1.170000000000000000e+02, 0.000000000000000000e+00, 4.603755060405777044e+01, 8.236505559825932465e+00, 4.299401011038884307e-02, 6.219681133437936389e-03
8.500000000000000000e+01, 0.000000000000000000e+00, 3.406167003691157902e+01, 6.996442978370825294e+00, 4.212707049906059403e-02, 7.749816795611087078e-03
2.400000000000000000e+01, 0.000000000000000000e+00, 3.685113079313778428e+01, 1.160174925627758924e+01, 2.479016954146373575e-02, 7.372894730655141921e-03
9.100000000000000000e+01, 0.000000000000000000e+00, 3.383312412284357151e+01, 7.979859339648531780e+00, 3.841233860751502166e-02, 8.089221648046743610e-03
8.700000000000000000e+01, 0.000000000000000000e+00, 3.412802274018812909e+01, 7.079158357972682225e+00, 4.101432073196068645e-02, 7.675729038015311444e-03
6.100000000000000000e+01, 0.000000000000000000e+00, 2.583189507616135927e+01, 4.472993863265402936e+00, 3.641595215410320385e-02, 4.784784378629790107e-03
4.900000000000000000e+01, 0.000000000000000000e+00, 3.905622618840302351e+01, 9.126834335600241488e+00, 2.770131751938137779e-02, 5.115962212766509212e-03
3.800000000000000000e+01, 0.000000000000000000e+00, 3.354266211122196495e+01, 6.698003389845182731e+00, 2.913763566319760301e-02, 3.758345750797329431e-03
5.100000000000000000e+01, 0.000000000000000000e+00, 2.849567151610733262e+01, 5.190156359822132082e+00, 3.274913724483213828e-02, 3.857917494053322328e-03
7.500000000000000000e+01, 0.000000000000000000e+00, 3.297464510723907694e+01, 6.457735698054859697e+00, 4.123965377055206077e-02, 4.850418222607675786e-03
4.500000000000000000e+01, 0.000000000000000000e+00, 2.597397884854808225e+01, 7.210162336874951450e+00, 3.025991935173665687e-02, 6.334494210395830507e-03
7.300000000000000000e+01, 0.000000000000000000e+00, 2.892854531544699981e+01, 6.785056906287570300e+00, 4.047921215438007869e-02, 5.263671727291734798e-03
2.800000000000000000e+01, 0.000000000000000000e+00, 2.554732133358607626e+01, 7.183593822826368047e+00, 2.975431682696993985e-02, 5.553806580535811804e-03
4.100000000000000000e+01, 0.000000000000000000e+00, 2.308405234260770911e+01, 6.133052967275480327e+00, 2.895957949482366733e-02, 5.738313442904334830e-03
1.800000000000000000e+01, 5.000000000000000000e+00, 2.288268293858040181e+01, 8.291263981374475733e+00, 2.477020637179608645e-02, 1.821476259737690728e-02
4.800000000000000000e+01, 0.000000000000000000e+00, 2.553077163137303174e+01, 7.049217344877164670e+00, 3.563265679356458770e-02, 8.286418451591264639e-03
7.900000000000000000e+01, 0.000000000000000000e+00, 3.296034723270283706e+01, 6.507685145436285623e+00, 4.304148143606204013e-02, 4.962144161891630240e-03
5.900000000000000000e+01, 0.000000000000000000e+00, 3.268255324384103488e+01, 6.615899305674601827e+00, 3.522117633039822948e-02, 4.953928055106630868e-03
8.000000000000000000e+01, 0.000000000000000000e+00, 2.874600771610424843e+01, 6.410519534688006615e+00, 4.348607766768581434e-02, 6.056371963255826295e-03
8.500000000000000000e+01, 0.000000000000000000e+00, 3.098757783782065900e+01, 6.542881667016472669e+00, 4.198999994685809894e-02, 5.275982797764111089e-03
8.900000000000000000e+01, 0.000000000000000000e+00, 3.147510433047387934e+01, 6.942157264036568520e+00, 4.345403906586438325e-02, 4.554408815979967863e-03
5.200000000000000000e+01, 0.000000000000000000e+00, 2.636120413830890641e+01, 6.399881149205581821e+00, 3.429903085083495229e-02, 5.570841341600734666e-03
8.300000000000000000e+01, 0.000000000000000000e+00, 3.064193822556736535e+01, 6.608011230558521021e+00, 3.894325778363297297e-02, 5.011410029872473415e-03
1.020000000000000000e+02, 0.000000000000000000e+00, 3.198536337885739655e+01, 6.625717356433042937e+00, 4.271889941320346912e-02, 6.049684364924054134e-03
9.900000000000000000e+01, 0.000000000000000000e+00, 3.190614117715437104e+01, 6.233939374468790540e+00, 4.156743752754021859e-02, 4.583369187051790188e-03
1.420000000000000000e+02, 0.000000000000000000e+00, 3.403945733891981718e+01, 5.804750767931452948e+00, 4.994578805098132124e-02, 5.035180522321700859e-03
1.260000000000000000e+02, 0.000000000000000000e+00, 3.614161376836565154e+01, 7.426654682903603089e+00, 4.689109278991580171e-02, 5.687039411091911884e-03
7.100000000000000000e+01, 1.000000000000000000e+00, 4.106447615082312552e+01, 1.315012367328264631e+01, 3.374517975554534865e-02, 1.345344769840091902e-02
1.340000000000000000e+02, 0.000000000000000000e+00, 4.689248316047651599e+01, 1.345173211521529488e+01, 4.681924635121499645e-02, 1.486589143904197378e-02
1.560000000000000000e+02, 1.000000000000000000e+00, 4.624710360001294873e+01, 1.328861420047360831e+01, 5.014653768162173619e-02, 1.984560285149623501e-02
1.900000000000000000e+02, 0.000000000000000000e+00, 6.174375798517858271e+01, 2.075405820974863502e+01, 4.929952911477534366e-02, 2.266094256642772753e-02
1.330000000000000000e+02, 0.000000000000000000e+00, 4.259386997367302286e+01, 1.388537865078132860e+01, 5.064511388533587954e-02, 2.017164650623405261e-02
1.270000000000000000e+02, 0.000000000000000000e+00, 3.982002155073286787e+01, 1.383948067191948894e+01, 4.593490632070498791e-02, 2.276490562101210480e-02
1.620000000000000000e+02, 0.000000000000000000e+00, 5.105904861967479746e+01, 1.740678768734681015e+01, 4.723141014893557366e-02, 2.105500916782960391e-02
1.320000000000000000e+02, 0.000000000000000000e+00, 4.569901746394494779e+01, 1.610824706202591017e+01, 4.389639504258340680e-02, 1.925153691734384984e-02
1.150000000000000000e+02, 0.000000000000000000e+00, 4.264850595783188680e+01, 1.601310540832229989e+01, 4.078791764512729179e-02, 1.955642927324627647e-02
1.110000000000000000e+02, 1.000000000000000000e+00, 4.477064312935602430e+01, 1.605195487603576865e+01, 4.140199443224898412e-02, 1.895003725518711393e-02
1.280000000000000000e+02, 0.000000000000000000e+00, 4.061810132572235688e+01, 1.349050160162462575e+01, 4.981668609901022254e-02, 1.874112698536593846e-02
1.150000000000000000e+02, 0.000000000000000000e+00, 3.667738915629191609e+01, 1.483124806503994542e+01, 4.354225354883899113e-02, 2.289186285429847117e-02
1.250000000000000000e+02, 0.000000000000000000e+00, 4.196464187787972122e+01, 1.460765915837954410e+01, 4.367135072091521408e-02, 1.909647893598235419e-02
1.120000000000000000e+02, 2.000000000000000000e+00, 3.603230186302186411e+01, 1.327589033307371302e+01, 4.816381835935398120e-02, 2.148188241975016247e-02
1.450000000000000000e+02, 0.000000000000000000e+00, 4.539523647759629910e+01, 1.817989662710165888e+01, 4.763635313855070497e-02, 2.309579320303353431e-02
1.180000000000000000e+02, 0.000000000000000000e+00, 4.373456613377346969e+01, 1.805455993029119099e+01, 4.245228257408278916e-02, 2.343005098209148193e-02
1.510000000000000000e+02, 0.000000000000000000e+00, 3.782962368047388679e+01, 1.148123807651804995e+01, 5.353101145202762701e-02, 1.674491963741917000e-02
1.450000000000000000e+02, 0.000000000000000000e+00, 4.526658070041415272e+01, 1.568706191224887370e+01, 4.749303415148267010e-02, 1.755785978809410591e-02
1.040000000000000000e+02, 1.000000000000000000e+00, 3.834425864268860096e+01, 1.466220328905325587e+01, 4.673566725968754387e-02, 1.970514501813639199e-02
1.780000000000000000e+02, 0.000000000000000000e+00, 5.080682217410107171e+01, 1.630945328920837767e+01, 4.980454222810107995e-02, 1.873947187816007998e-02
1.020000000000000000e+02, 4.000000000000000000e+00, 3.429281770519403949e+01, 1.208988881538294891e+01, 4.626856647741928869e-02, 2.376923830945819674e-02
1.420000000000000000e+02, 0.000000000000000000e+00, 4.336014286091941017e+01, 1.614978601844152450e+01, 4.838411164668281889e-02, 2.004573162892237317e-02
1.340000000000000000e+02, 0.000000000000000000e+00, 4.485242605201040078e+01, 1.592673624252144116e+01, 4.774044510527605117e-02, 1.746370220194114198e-02
9.800000000000000000e+01, 0.000000000000000000e+00, 3.523220686684158665e+01, 1.099429730011248907e+01, 4.919519216960327457e-02, 1.664224809610892475e-02
1.420000000000000000e+02, 6.000000000000000000e+00, 4.345255821618695791e+01, 1.779874085277841544e+01, 4.576047076435659638e-02, 2.675938763178211527e-02
1.160000000000000000e+02, 1.000000000000000000e+00, 4.397279921967690797e+01, 1.806910527539754341e+01, 4.301332728192951149e-02, 2.416925747993160095e-02
1.680000000000000000e+02, 4.000000000000000000e+00, 4.981922730287333678e+01, 2.255568691535330217e+01, 4.496116161356785573e-02, 2.474649460564667253e-02
1.220000000000000000e+02, 2.000000000000000000e+00, 4.178222528761542520e+01, 1.852167481728584519e+01, 4.474874037490788464e-02, 2.400337871349823501e-02
1.630000000000000000e+02, 9.000000000000000000e+00, 4.677997823160749391e+01, 2.064563821977786517e+01, 5.166466626597954886e-02, 2.520695893872300711e-02
1.560000000000000000e+02, 0.000000000000000000e+00, 4.709617236754036895e+01, 2.040703776830142147e+01, 4.466675023707966652e-02, 2.111155901075607855e-02
0.000000000000000000e+00, 0.000000000000000000e+00, 1.489705895339491271e+00, 3.414104007754100500e+00, 3.790610030295713667e-03, 3.073642643334886359e-03
0.000000000000000000e+00, 0.000000000000000000e+00, 1.839542924541310409e+00, 4.014402643611879817e+00, 3.524149441108497677e-03, 3.228304057308915408e-03
0.000000000000000000e+00, 0.000000000000000000e+00, 1.424720407263388555e+00, 2.973625488127249028e+00, 3.569760248527706608e-03, 2.825388936504027396e-03
0.000000000000000000e+00, 0.000000000000000000e+00, 1.617540061358174519e+00, 3.139842741149147187e+00, 4.059474321293671771e-03, 3.035186513415793434e-03
0.000000000000000000e+00, 0.000000000000000000e+00, 1.738076258902874205e+00, 3.600429620441004896e+00, 3.703871668786194032e-03, 3.144791756889264451e-03
0.000000000000000000e+00, 0.000000000000000000e+00, 1.993853537683067945e+00, 3.984566384125561189e+00, 3.500214571824354116e-03, 3.356994951892019498e-03
0.000000000000000000e+00, 0.000000000000000000e+00, 1.281233053176344061e+00, 2.647918932223345845e+00, 3.829627375405534728e-03, 3.625631895813379024e-03
0.000000000000000000e+00, 0.000000000000000000e+00, 1.990394570742984426e+00, 4.041186021679689766e+00, 4.076642343572211592e-03, 6.537681022060611198e-03
0.000000000000000000e+00, 0.000000000000000000e+00, 3.157926801189714361e+00, 5.352074128082190185e+00, 5.262385363710227366e-03, 3.102705346814109855e-03
0.000000000000000000e+00, 0.000000000000000000e+00, 1.031228308820354655e+00, 1.908183855370798820e+00, 3.893860824858436619e-03, 3.236658390111566645e-03
0.000000000000000000e+00, 0.000000000000000000e+00, 1.605673066976355923e+00, 3.062567657927455222e+00, 4.137468348503243673e-03, 3.130821432656783442e-03
0.000000000000000000e+00, 0.000000000000000000e+00, 1.250178816399134529e+00, 2.454825525157950938e+00, 3.894436058196142601e-03, 2.992308215169845863e-03
0.000000000000000000e+00, 0.000000000000000000e+00, 1.192684908160714263e+00, 2.417236213976817538e+00, 3.509498464218415662e-03, 2.883856515369996425e-03
0.000000000000000000e+00, 0.000000000000000000e+00, 1.644992252138415045e+00, 3.251644804763222041e+00, 4.038653497220487561e-03, 3.237594604559738964e-03
0.000000000000000000e+00, 0.000000000000000000e+00, 2.575407747640679368e+00, 4.473484159411230898e+00, 4.586019438900221061e-03, 3.668010424508778150e-03
0.000000000000000000e+00, 0.000000000000000000e+00, 1.459416585580332715e+00, 2.866491416410691162e+00, 3.926205839981616701e-03, 3.305895541310506502e-03
0.000000000000000000e+00, 0.000000000000000000e+00, 1.705544552696743876e+00, 3.006412511903191032e+00, 3.989494046253582241e-03, 3.143834190418960846e-03
0.000000000000000000e+00, 0.000000000000000000e+00, 8.047031494896859094e-01, 1.544915627947429870e+00, 3.913188785972820417e-03, 3.096790730491398146e-03
0.000000000000000000e+00, 0.000000000000000000e+00, 1.559939173120658662e+00, 3.045858839525636963e+00, 3.877588913751708801e-03, 3.375932775226344381e-03
0.000000000000000000e+00, 0.000000000000000000e+00, 2.269088786359532595e+00, 4.312888045893474853e+00, 4.294597849108301724e-03, 3.702179706199197964e-03
0.000000000000000000e+00, 0.000000000000000000e+00, 2.096187430608213997e+00, 4.243278600602657491e+00, 3.690313920746695654e-03, 3.599336124466301270e-03
0.000000000000000000e+00, 0.000000000000000000e+00, 2.488353046583559713e+00, 3.973848114837193357e+00, 5.182812575354275690e-03, 3.699703465478124727e-03
0.000000000000000000e+00, 0.000000000000000000e+00, 2.011685143585426605e+00, 3.329738516009768556e+00, 4.954299303261876231e-03, 4.382472610979894385e-03
0.000000000000000000e+00, 0.000000000000000000e+00, 2.699571137636031626e+00, 5.016689778492048113e+00, 4.117759378937434732e-03, 3.805608563724292327e-03
0.000000000000000000e+00, 0.000000000000000000e+00, 1.820902480916977817e+00, 3.392106230493767249e+00, 4.312208654957843702e-03, 5.054699246157607490e-03
0.000000000000000000e+00, 0.000000000000000000e+00, 2.122134716695656120e+00, 3.789356743386350423e+00, 4.359266041368120397e-03, 3.744099398565911476e-03
0.000000000000000000e+00, 0.000000000000000000e+00, 2.009378744126110838e+00, 3.599000615783149559e+00, 4.367772617536768917e-03, 4.025775848798126069e-03
0.000000000000000000e+00, 0.000000000000000000e+00, 1.257544709038544095e+00, 2.371811169182350909e+00, 4.763912074700332212e-03, 4.239853450131503276e-03
0.000000000000000000e+00, 0.000000000000000000e+00, 2.818038171769506217e+00, 4.901852199851995273e+00, 4.483561217551311658e-03, 4.180824995615301659e-03
0.000000000000000000e+00, 0.000000000000000000e+00, 1.743794111420365667e+00, 3.027831847317391745e+00, 5.160295579784658290e-03, 3.707164705111853659e-03
0.000000000000000000e+00, 0.000000000000000000e+00, 4.333870119415829336e+00, 2.335272295443402424e+00, 1.030480613940620328e-02, 5.576143179174006780e-03
0.000000000000000000e+00, 0.000000000000000000e+00, 4.824909979537792992e+00, 3.373070128197709128e+00, 8.370790396328200642e-03, 5.365675256629662271e-03
0.000000000000000000e+00, 0.000000000000000000e+00, 3.224248246870642376e+00, 2.969840438785789516e+00, 9.753767059476231224e-03, 8.692651104473198345e-03
0.000000000000000000e+00, 0.000000000000000000e+00, 4.049399297844701096e+00, 3.378065579478774172e+00, 8.057882140663078993e-03, 6.134793924553317082e-03
0.000000000000000000e+00, 0.000000000000000000e+00, 3.683781049579194278e+00, 2.702534575556876817e+00, 9.713399653708584824e-03, 3.927808606994368477e-03
0.000000000000000000e+00, 0.000000000000000000e+00, 3.405208580829090170e+00, 2.485878935703250470e+00, 8.668324049003207563e-03, 3.933537771638155253e-03
0.000000000000000000e+00, 0.000000000000000000e+00, 3.572018029327537203e+00, 3.017749077548469661e+00, 8.544436778808306779e-03, 6.283090682352702842e-03
0.000000000000000000e+00, 0.000000000000000000e+00, 3.275029460884514965e+00, 2.675593188766034469e+00, 8.359932420438247191e-03, 5.566557461532186356e-03
0.000000000000000000e+00, 0.000000000000000000e+00, 3.550700073124024581e+00, 3.139458396978046739e+00, 9.622021906203048064e-03, 6.563729877589988444e-03
0.000000000000000000e+00, 0.000000000000000000e+00, 4.880316554672158524e+00, 3.912994174555056048e+00, 8.470976440706070448e-03, 5.888037216877464383e-03
0.000000000000000000e+00, 0.000000000000000000e+00, 3.897460360949625890e+00, 2.513724951232743532e+00, 9.958398163913436893e-03, 4.817776272040170081e-03
0.000000000000000000e+00, 0.000000000000000000e+00, 3.418347419043487712e+00, 2.688091206930208088e+00, 8.392413936456750295e-03, 5.501713710770239629e-03
0.000000000000000000e+00, 0.000000000000000000e+00, 3.258119593983433759e+00, 2.555762804402937238e+00, 9.244966139981235231e-03, 6.662145658597018461e-03
0.000000000000000000e+00, 0.000000000000000000e+00, 4.195233086134194878e+00, 3.900350748471886675e+00, 8.760037263739146873e-03, 8.537005021009144365e-03
0.000000000000000000e+00, 0.000000000000000000e+00, 3.171374036210590219e+00, 2.408114368890438062e+00, 7.902660567330799246e-03, 3.936847119704167848e-03
0.000000000000000000e+00, 0.000000000000000000e+00, 3.783074018673790118e+00, 2.477757104157148671e+00, 8.817660451354569773e-03, 4.673968094735810042e-03
0.000000000000000000e+00, 0.000000000000000000e+00, 4.131766394762675709e+00, 3.292275766988370655e+00, 9.251299741510557104e-03, 6.112370457734735314e-03
0.000000000000000000e+00, 0.000000000000000000e+00, 4.691329007796971595e+00, 4.113870412017885947e+00, 9.637359746858866275e-03, 6.454901324804421074e-03
0.000000000000000000e+00, 0.000000000000000000e+00, 3.816304071207410775e+00, 2.928059068325040037e+00, 9.006500783979284885e-03, 6.471725125894114798e-03
0.000000000000000000e+00, 0.000000000000000000e+00, 3.418292822011108623e+00, 2.485201816655174589e+00, 9.200126209209709763e-03, 5.538681384772744208e-03
0.000000000000000000e+00, 0.000000000000000000e+00, 3.838198115746238148e+00, 2.857600391877979984e+00, 1.036609783786225474e-02, 5.614680452455429391e-03
0.000000000000000000e+00, 0.000000000000000000e+00, 3.442549522227838832e+00, 2.796991776781112549e+00, 8.543215389201840732e-03, 6.266705732232286108e-03
0.000000000000000000e+00, 0.000000000000000000e+00, 4.299507526308898875e+00, 3.244426082345313933e+00, 9.161270355912147847e-03, 5.710493960888155147e-03
0.000000000000000000e+00, 0.000000000000000000e+00, 3.421156072004394755e+00, 2.614378642002301856e+00, 9.462133354008179717e-03, 6.385173862271349005e-03
0.000000000000000000e+00, 0.000000000000000000e+00, 4.214742050965723408e+00, 3.452262723134347677e+00, 9.801596727136535972e-03, 5.458174578479814062e-03
0.000000000000000000e+00, 0.000000000000000000e+00, 3.254471012069996227e+00, 2.783671795242534941e+00, 9.043840092934669547e-03, 6.138729727299102774e-03
0.000000000000000000e+00, 0.000000000000000000e+00, 3.613177474978420012e+00, 3.129599832378092472e+00, 7.613809647977912674e-03, 5.802602800050748327e-03
0.000000000000000000e+00, 0.000000000000000000e+00, 4.695698198213371199e+00, 3.880155367270447186e+00, 9.502729741778917494e-03, 6.522618606790934331e-03
0.000000000000000000e+00, 0.000000000000000000e+00, 3.994066158957661816e+00, 3.151894070796164016e+00, 8.859110545098684841e-03, 6.760394117113254289e-03
0.000000000000000000e+00, 0.000000000000000000e+00, 3.071214644657620063e+00, 2.992810573718901246e+00, 9.387671498414924126e-03, 6.442967467673016597e-03
0.000000000000000000e+00, 0.000000000000000000e+00, 1.806511680375586071e+00, 1.953823236819486331e+00, 5.096356527580270072e-03, 5.296968070321312998e-03
0.000000000000000000e+00, 0.000000000000000000e+00, 1.593427518675994303e+00, 2.040938282041518725e+00, 4.674679851978674403e-03, 5.043607368388529182e-03
0.000000000000000000e+00, 0.000000000000000000e+00, 2.311729818357409982e+00, 2.938723121116340042e+00, 4.435200530145634243e-03, 5.317023825907755095e-03
0.000000000000000000e+00, 0.000000000000000000e+00, 1.915311935516319730e+00, 2.615832883413771182e+00, 4.385692027605619242e-03, 5.133613593592178427e-03
0.000000000000000000e+00, 0.000000000000000000e+00, 2.086107325420123004e+00, 2.907514487542969484e+00, 4.480596050390437367e-03, 5.184524640649637757e-03
0.000000000000000000e+00, 0.000000000000000000e+00, 2.068305328469897120e+00, 2.912435153410256827e+00, 4.352904772567649933e-03, 5.170362982884697638e-03
0.000000000000000000e+00, 0.000000000000000000e+00, 2.509580074722363552e+00, 3.254429373213588939e+00, 4.938535114941628237e-03, 5.440660547578705410e-03
0.000000000000000000e+00, 0.000000000000000000e+00, 2.323319312099920264e+00, 3.262301785718412894e+00, 4.575759648112339394e-03, 6.362302531598806876e-03
0.000000000000000000e+00, 0.000000000000000000e+00, 2.658440130240070420e+00, 3.578628361624086374e+00, 4.790581527130212229e-03, 4.930670361523150670e-03
0.000000000000000000e+00, 0.000000000000000000e+00, 2.758716136817318532e+00, 3.923873945085083026e+00, 4.587167786887134079e-03, 5.583795544339922000e-03
0.000000000000000000e+00, 0.000000000000000000e+00, 2.127260918541080237e+00, 3.031737237094755510e+00, 4.622225568883970952e-03, 5.600349110933947917e-03
0.000000000000000000e+00, 0.000000000000000000e+00, 2.557736318782314111e+00, 3.624225199938987618e+00, 4.362188555675318609e-03, 5.580959999428393263e-03
0.000000000000000000e+00, 0.000000000000000000e+00, 3.216574735391395379e+00, 4.750785184596185928e+00, 4.690637189205435278e-03, 8.350779675899580243e-03
0.000000000000000000e+00, 0.000000000000000000e+00, 2.685548940535800622e+00, 4.202019642675201894e+00, 4.602072312372543217e-03, 9.793115362918073871e-03
0.000000000000000000e+00, 0.000000000000000000e+00, 2.225042276926328277e+00, 3.037952109357960673e+00, 4.639270018074818577e-03, 6.090643072335017935e-03
0.000000000000000000e+00, 0.000000000000000000e+00, 2.812674341553762059e+00, 4.242893570248686075e+00, 4.595114686519590277e-03, 5.564651509011063653e-03
0.000000000000000000e+00, 0.000000000000000000e+00, 2.505903127355633586e+00, 3.802818207478051438e+00, 4.287971880432520089e-03, 5.484255311254676059e-03
0.000000000000000000e+00, 0.000000000000000000e+00, 2.623532390387551594e+00, 3.995089625378623222e+00, 4.616841511449944029e-03, 7.117756631634895685e-03
0.000000000000000000e+00, 0.000000000000000000e+00, 2.640786238776325678e+00, 4.076033154841704587e+00, 4.837504045574104669e-03, 5.859895348030189251e-03
0.000000000000000000e+00, 0.000000000000000000e+00, 1.869054660710355087e+00, 2.778304544686192479e+00, 4.429995034723650110e-03, 6.219966973698270833e-03
0.000000000000000000e+00, 0.000000000000000000e+00, 2.620476927462759953e+00, 3.898688118823235627e+00, 4.733170409152533988e-03, 5.886427486875220327e-03
0.000000000000000000e+00, 0.000000000000000000e+00, 2.168489349559347801e+00, 3.135856514528214234e+00, 4.330310892917785259e-03, 5.348144611729984364e-03
0.000000000000000000e+00, 0.000000000000000000e+00, 2.379179057575495637e+00, 3.170907682865125921e+00, 4.769148303071611174e-03, 5.181800976445601753e-03
0.000000000000000000e+00, 0.000000000000000000e+00, 1.888884572583075627e+00, 2.542324041283854363e+00, 5.027508796852219602e-03, 6.892615026189393909e-03
0.000000000000000000e+00, 0.000000000000000000e+00, 3.131778808231444611e+00, 4.356042957263250415e+00, 5.422028834096117439e-03, 7.318263812371410791e-03
0.000000000000000000e+00, 0.000000000000000000e+00, 2.603956964554508424e+00, 4.438703675907659019e+00, 5.257654268650721954e-03, 8.494881103030623229e-03
0.000000000000000000e+00, 0.000000000000000000e+00, 2.935592524244241996e+00, 4.491963074961254243e+00, 4.532476253178714665e-03, 6.194073315679870725e-03
0.000000000000000000e+00, 0.000000000000000000e+00, 2.180710017388488797e+00, 3.043761673438738935e+00, 4.792590921333531387e-03, 5.832039108554154180e-03
0.000000000000000000e+00, 0.000000000000000000e+00, 2.423148760617307662e+00, 3.453984203182640655e+00, 4.739181013119399960e-03, 5.496771788465389455e-03
0.000000000000000000e+00, 0.000000000000000000e+00, 3.671227662579494400e+00, 4.775580478638699944e+00, 5.802626489837076247e-03, 6.852052549416544347e-03
