Zc_ECR,Zc_FCU,Mean_ECR,Mean_FCU,Var_ECR,Var_FCU
317,260,0.0435937400452777,0.0220227863302453,0.00272257858973287,0.000708848628278539
247,227,0.0301847769156401,0.0241446207300042,0.00178884363576735,0.000667127143350655
230,214,0.0295631597918955,0.0270425406018445,0.001267910409672,0.00104372709922654
231,186,0.0303024306232313,0.0344972313016989,0.00137517816862862,0.00165296456185189
220,194,0.0256926696249186,0.030880413611997,0.00130858639957859,0.00152849358333542
224,196,0.0272695017539506,0.0360519792520073,0.000796850306423456,0.00173934660611385
234,194,0.0246912267525119,0.0360122117953775,0.000892482938681959,0.00154894326572495
315,279,0.0188523148710389,0.0279677731228323,0.000514661630024618,0.00111480024631968
256,221,0.0245152461944844,0.0328734990950115,0.000683923600698107,0.0014387424290401
220,189,0.0206385980477754,0.032452478119523,0.000532913570594386,0.00162117625891692
224,202,0.0321959671846335,0.034686623335937,0.00203282178878627,0.0015934037547344
242,207,0.0220363150373507,0.0302038518038958,0.000689065630353508,0.00110947105608125
253,225,0.0225774235440514,0.034580337813949,0.000558302838635823,0.00158321788440434
334,262,0.0183874695468028,0.0286847469512621,0.000349121069576042,0.0011199158503102
295,231,0.0391803405029041,0.0437187767021376,0.00286155156923364,0.00204536355358603
256,200,0.0385790173667548,0.0382422610740484,0.00189162030098862,0.00188732473696183
206,210,0.0340723488031077,0.0308885547161099,0.0023025240140704,0.0010415991850455
223,205,0.0377662741726875,0.0322809318219599,0.00217256162439953,0.00148598749860978
202,181,0.0314739890004052,0.0296882960868947,0.00149685418250359,0.00109076321847086
204,179,0.0208037686479838,0.0297134629800877,0.000666009409408163,0.00133987435852239
284,269,0.0251820953593587,0.02879308505681,0.00106390133553363,0.0011411439117554
225,175,0.0328572963951381,0.035176794163912,0.00160699071641381,0.0014827693445332
207,180,0.0400808673195548,0.03437022005146,0.00254719768837143,0.00201615324902515
101,94,0.00846969239306263,0.0148266913009596,0.000114003530522381,0.000217031722203623
270,247,0.027155319734012,0.0308211589016004,0.00143689218251448,0.00126312121713052
305,267,0.0278024197438246,0.0339049133246213,0.00138215698316018,0.00179388077316602
302,275,0.0222070422086993,0.0288559639299555,0.000995729688023612,0.000973079459464917
283,262,0.0290228514935877,0.0339526961476289,0.00159426239135881,0.00148918097916802
311,261,0.028160914590824,0.0323206574840998,0.00163253682682919,0.00133572237271049
328,274,0.0296698761411386,0.0337318232905718,0.00198720470588356,0.00144553787044341
228,218,0.0286335972912749,0.0427773412036756,0.00112978696018115,0.00280189471206408
261,242,0.0305103257456701,0.0541126047806651,0.00120487469981207,0.00481218442895354
240,228,0.0225183641222007,0.0448304580891168,0.0005315962628664,0.0034481971468026
206,169,0.022226569580128,0.0408603499664229,0.00060889122040274,0.00292264945660178
234,213,0.0280152431380266,0.0457054744268465,0.000887688240147527,0.00296303684838133
212,199,0.0312358712351836,0.0577624826566324,0.00090592399572527,0.00425511102674902
218,190,0.0279553023273352,0.0463346331552053,0.000837843055640288,0.00350939360972248
211,193,0.0335122029533484,0.0456622257302875,0.00135623721735003,0.00267726500833076
206,186,0.0324614150243078,0.0467581285985909,0.00118971864811438,0.00292243369576085
222,180,0.0281930461480325,0.0447128668767492,0.000785627846387666,0.00308271350437667
222,179,0.0296910153425613,0.0427149037764792,0.000797987323509706,0.00228980533281067
227,192,0.0295891865929805,0.0436784465776624,0.00082837385970804,0.00260740483422049
207,177,0.0272119427825006,0.0409831462779374,0.000692154750956673,0.00244410518235643
230,211,0.0283399540961708,0.0460340327892881,0.00069456395533109,0.0032778398039574
218,190,0.0269587083696979,0.0405110515868351,0.000681592471898985,0.00237424107796053
226,184,0.0269136757147224,0.0475893200953405,0.000615069641711664,0.00330079012523917
200,178,0.0290972926253745,0.0377997679012119,0.000843279710350302,0.00198909395152682
215,176,0.040232369078912,0.0630002650164149,0.00140017799593475,0.00523490339427259
223,194,0.0429446295816378,0.0774108933227304,0.00177670194186933,0.00864848624020237
218,187,0.0390286958385619,0.0603793206297785,0.00134710494275574,0.00592830569822646
236,220,0.0370754726460592,0.0516853742475175,0.00123972128571545,0.00343693178688102
215,194,0.0380673340923905,0.0534308379320795,0.0018860886750607,0.00473203748388331
235,195,0.0379857749324442,0.0642989793321492,0.00126812866472296,0.00646357561309234
220,175,0.0353887553540554,0.0572325964386169,0.00122242495656386,0.00452827080933161
245,212,0.0357704477795619,0.0515294642140953,0.00159249202011701,0.00357334085408092
227,203,0.0389809479367674,0.0589971196633025,0.00155809188929955,0.0063525001004116
233,180,0.0354815244524163,0.0537091979433131,0.00104177336623471,0.0048733081627319
248,186,0.03033973276091,0.0434186620610233,0.000939111104951937,0.00321743357124188
224,214,0.0318040435853547,0.0478287923625674,0.000979997811564239,0.0035518424428791
292,234,0.0377717261262044,0.0622402684917415,0.0013114514976269,0.00524609679431424
235,156,0.0398180528947086,0.0298431459654726,0.00467272985416898,0.00119401246853396
259,171,0.0353075082627668,0.0321689414964142,0.00269259588137459,0.00154580009080372
220,156,0.0286857696606303,0.0279238194992904,0.00238587151801928,0.00129634371920082
200,134,0.0368534443429746,0.030586580439281,0.00302538952288694,0.00110394609222949
212,151,0.0353278119300453,0.0279902575173005,0.00339085773675672,0.000782332030241066
190,153,0.0360579162538441,0.0330061899626086,0.00293616537196763,0.00119035867492562
196,146,0.0256966407291188,0.0287382773349939,0.00187048552319979,0.00135225191430548
231,161,0.0415287596351188,0.0448982706418487,0.00371876417126652,0.00319540303710147
206,137,0.0460667153242983,0.0356996837821395,0.00473539425776686,0.00198535542083959
200,138,0.0438960987747126,0.0302718185045765,0.00567838565641103,0.00102073006943658
175,132,0.0353154414330812,0.0272198968454576,0.0032896618953319,0.00104158314716672
189,158,0.0370380913470416,0.0263222361229869,0.00398140106425164,0.00110734588950229
218,159,0.0355646622145461,0.0279181976023952,0.00324172345770135,0.00119731885902361
210,166,0.0378856152138218,0.0298410268857198,0.00274779434710822,0.00109220277521611
208,152,0.0471485867709853,0.03982385381144,0.00526213700818135,0.0022445779821823
226,166,0.0439161893845144,0.0344256241017793,0.00369803732581879,0.00159657063979435
203,155,0.0368247718783451,0.0299211905832579,0.00311387573262441,0.00122368283954392
201,138,0.0445475290485734,0.031516876198256,0.00469035811269259,0.00132609679804476
173,150,0.0438282571581221,0.025779542544681,0.00520700607984208,0.000898654139139383
177,163,0.0418829718457948,0.0285831771906828,0.00448303851318232,0.00142462571171505
230,166,0.0361860735228123,0.0293874124893149,0.0025118721610526,0.000967363116820231
212,175,0.0363263385639322,0.0271402099440392,0.00295615659805689,0.000882642312803001
199,157,0.0354271827747876,0.0314713925854809,0.00214280371599138,0.00119718879041591
202,134,0.039746499050804,0.0277616583925706,0.0030701469642623,0.00106376802435847
207,166,0.0425795717822385,0.0319283185995964,0.00348710111764449,0.001352842111783
226,183,0.0427497350168491,0.0328579466572401,0.00459762825992943,0.00158970187453658
197,153,0.0419687040588759,0.0348920977427725,0.00417869022029742,0.00174900355486768
201,148,0.0380430096968785,0.0313530104168104,0.00364762021404142,0.0013202760536404
216,180,0.0469128105517235,0.0413189609338383,0.00363334398269208,0.00167524305202272
313,217,0.0578300094859045,0.0483160760986953,0.00529237484065423,0.00245178665123911
369,325,0.049660069382711,0.0288002651098825,0.0064834373426672,0.00161262392569503
437,344,0.0399261432769442,0.0297068176861784,0.00542581785018434,0.00139872665757021
374,285,0.0570088873474556,0.0401971116279807,0.00759732657347882,0.00283267090527716
351,316,0.0565741751585371,0.0292772050178612,0.00873057905751665,0.00116877628348025
348,293,0.0525370056922138,0.036923250560874,0.00679323342135957,0.00297158333445554
437,371,0.0476173364700839,0.0360617442306234,0.00621027146523354,0.0019414866581309
372,267,0.0670769509561368,0.0366023260683083,0.00987258787069453,0.00166054032911436
435,347,0.0535484227399694,0.0404848466390024,0.00550134392701066,0.00223017162616055
440,357,0.045824534208223,0.0381862386238763,0.00551792064615977,0.00230931638220591
372,303,0.0457889214315934,0.0298787058968944,0.00614766622154055,0.00142074510911528
345,303,0.0498886473179859,0.0274990531970564,0.00649046928750689,0.000989556298238725
373,319,0.0411801481372514,0.0327288572561255,0.00379438438340198,0.00154472788318155
383,299,0.0529619331557589,0.029928944212733,0.00673234966087128,0.0011315846795052
404,312,0.0586809973363995,0.0276271064049844,0.0081974583309849,0.00102861198357968
412,366,0.0496743177266774,0.0252332125929253,0.00496377825381682,0.000840291796624388
372,313,0.0588132794712042,0.0281269862972057,0.00774073278704173,0.00105408840004726
344,288,0.0588501813436764,0.0313372589267938,0.00897915338384104,0.00119675765661316
340,268,0.0591954172636521,0.0308887155704801,0.00773446320162283,0.00139218651807306
349,291,0.050839251019227,0.0278747243208572,0.00478408679120802,0.000766669320503105
366,270,0.0533807365374543,0.0334436628671443,0.0057754082282526,0.0014595517333573
353,291,0.0678985474546596,0.0305954841349333,0.0102617560182042,0.00121202692773906
379,304,0.0431697236030718,0.0382162049130789,0.00409745895805058,0.00208307830636521
331,318,0.0578839688271792,0.031618875613325,0.00699065417666922,0.00151350314863849
369,306,0.0512303657798112,0.0280084112261089,0.00506543711839839,0.000990475831725903
332,295,0.0656340336212067,0.0287292214509874,0.00809812617601747,0.00110870401782923
339,287,0.0695292848396358,0.0293507050511135,0.00957635973339611,0.000903415162824261
354,246,0.0617645956901625,0.0381170131618446,0.0069559847456163,0.00186600805715226
318,246,0.0712728176863851,0.0352230339772738,0.00868137819964126,0.00145391736519574
361,286,0.0628693615998756,0.0303987854776544,0.00605409731156651,0.00101236694838703
340,274,0.0721622302059988,0.0315980884159635,0.0119609837044555,0.001286646783276
320,310,0.0375851369437327,0.032861521756899,0.00222898369045641,0.00186574963069479
325,282,0.0528152401133524,0.0408363609539333,0.00419983115636629,0.00231644943979912
332,338,0.0476004803289908,0.0380421333539092,0.00338025201898691,0.00243331573380776
333,304,0.0562933455408744,0.044665178674972,0.00577253596098594,0.00345490655146556
345,309,0.0591526816952778,0.0440164521546428,0.0053493685478454,0.00284647824675522
340,323,0.0456325809141192,0.0447166685356976,0.00377579087594618,0.00362900622623602
326,307,0.0577978624979645,0.0425764615673629,0.00500124940587096,0.00300213182759013
297,307,0.0534490292027579,0.0422303871062098,0.00409959532348341,0.0025932462172446
318,314,0.0531180232956941,0.0458637946510353,0.00472742957856213,0.00339121100011506
349,334,0.0427047158502493,0.0360643839240325,0.00285921475494183,0.00258125780303589
317,304,0.0404693009335003,0.033447623864278,0.00266165764689441,0.00191125260374229
354,312,0.0540445092614789,0.0410761507246627,0.00458229939981462,0.00322458940729219
322,316,0.0557143046746214,0.03664187475677,0.00469429451300885,0.00260307272342363
345,318,0.0575276428879388,0.0363495366757068,0.00504603108375411,0.00234244054756186
316,331,0.0601997961850699,0.0381716852341168,0.00523579332197467,0.00222875225983963
398,351,0.0485927333576767,0.0345111247509881,0.00333435464425311,0.00219047963442251
333,320,0.0579516305912928,0.0380865839800761,0.00491159382607002,0.00287101343758998
341,373,0.0560854993685214,0.0436630929928807,0.00469081355437995,0.00339958707377533
394,334,0.0539857271023212,0.0418678926880865,0.00466343374097051,0.00327589281872179
315,303,0.0587701560849367,0.0405106894857365,0.00500869979578252,0.00320335327992997
324,289,0.056383899929325,0.0493255559399568,0.00396864722354366,0.0035450005169644
339,301,0.0590773388741977,0.0444353265085749,0.00418256241003325,0.00287808901833656
349,302,0.0567184129381329,0.0488298394236436,0.00382017364737112,0.00399210187871255
325,280,0.0590866138396681,0.0432458043343758,0.00434805140916264,0.00247932281916009
310,294,0.0617158082341065,0.0473912244577128,0.00526243611629866,0.0029605734697758
393,294,0.0671381564047062,0.0505709924520091,0.00563377362648693,0.00358667077261562
334,306,0.0602287913692013,0.0476397640815959,0.00430564989274948,0.00288608968408603
375,350,0.0606205730896567,0.0483409192396982,0.00422132561815913,0.00358227081476671
363,330,0.0580174446657489,0.0458723853908286,0.004149793205365,0.00321476927708145
217,184,0.0368259995145264,0.0310195504585354,0.00269964676432121,0.00217472059985144
403,317,0.0399742088583467,0.0371029121692255,0.00321576253872121,0.00153155904720259
362,315,0.0368181065960463,0.037200231765111,0.00225144708834601,0.00150664188382522
354,283,0.0454600537523652,0.0390659323437814,0.00371681859904792,0.00146747603894025
362,273,0.0339902876615015,0.0379588942377903,0.00218372102908376,0.00142971912915801
327,282,0.0368012144527854,0.0357607686073674,0.00218260717781987,0.00142716909397798
318,248,0.0418029325172338,0.0418368521963386,0.00357836337019414,0.00161495153581928
336,260,0.0464763529529536,0.040211049696258,0.00432911596384966,0.00194347582320199
300,250,0.0424589394582021,0.0432465265399504,0.00337545951852283,0.00224240567857579
339,279,0.0444497167194465,0.0400411984173518,0.00440422371598931,0.00180344046754488
346,293,0.0413644304428143,0.0385884878844986,0.00335945705824416,0.00159682043705558
339,288,0.0460513137794449,0.0407358050564915,0.00487107269830147,0.00170838388497003
329,292,0.0400987952519322,0.0345822951974852,0.00332890527755146,0.00127071450184478
357,273,0.0434748235699634,0.0343411874996289,0.00476548045419115,0.00104065995627971
345,307,0.0381255288499622,0.0366011341580532,0.00273548211170239,0.00117940254189809
342,307,0.0362460080176643,0.0437148071194098,0.00258775789723521,0.00176386403065891
328,266,0.0410183965889812,0.0411004571561715,0.00296978737749243,0.00186934606752132
354,287,0.0303165510546735,0.0395850702063214,0.00170835844718706,0.00157746648437444
347,281,0.0345570941937716,0.0427375467360098,0.00215063891814981,0.00163720272632009
325,269,0.0347699888795602,0.0392069545526818,0.00239477038127537,0.00119959835239338
317,244,0.0390770239786882,0.0396561820376883,0.00318066683093364,0.00164671056696412
335,272,0.0331667823151444,0.0337615186182308,0.00256053891060822,0.00105891211380236
379,274,0.0601728381216786,0.0377997650648106,0.00703794620239093,0.00147749637137947
312,251,0.0427956597973537,0.0400399342658115,0.00324071927513273,0.0016822852896747
304,274,0.0385440302394129,0.0347997500856042,0.00244173801148576,0.0010105504862002
358,298,0.0366646659157926,0.0362430278620756,0.00332588422565637,0.00130954830060964
318,300,0.0350841654303654,0.0365786836710538,0.00233546161068894,0.00125209506472159
317,266,0.0307665329780823,0.0431733701230974,0.00169516986665417,0.00151931329755305
331,308,0.0438700930701178,0.0482429338952876,0.00280186772215393,0.00213388723393754
313,275,0.045400230867731,0.0433762103681621,0.00346195160873988,0.00169402833471689
345,270,0.0432457257688727,0.0381661734021134,0.00413867645471396,0.00150033615404948
339,308,0.0231033847708011,0.0131983699917439,0.00120040313610154,0.000577821875267473
288,279,0.0243530635137237,0.0201457365005385,0.00110540943449133,0.001076749209678
266,251,0.0263181098601177,0.0231087511738079,0.00115952494221057,0.00145150106562029
299,270,0.0218293718950107,0.012557371547863,0.000956349780477705,0.000286588404348306
272,246,0.020843068265099,0.00988649641905733,0.000956912577959276,0.000200402783467582
304,314,0.019994731312618,0.011587896274365,0.000729837878326026,0.000308065596289092
251,245,0.0245053395865348,0.0147852869320338,0.00111431439170693,0.000353984062422213
240,206,0.0216904065820557,0.0109108191112461,0.000864279509266704,0.000226635569208667
249,253,0.0207025087035002,0.00889953550636525,0.00105262572714505,0.000153562200292098
250,250,0.023806076084038,0.021034790574572,0.000992929225907298,0.00138269760108799
273,255,0.0237240731443898,0.0167289633460444,0.00125569262536001,0.00075640427989549
240,229,0.0277112310986601,0.0139495723602407,0.00152103907072457,0.000332723381887429
194,218,0.0254178804659386,0.0186031929800415,0.00122279478533954,0.00175078621536902
265,253,0.0224729520672369,0.0130641159549107,0.00112802105732634,0.000413341741128248
240,240,0.0294410406269804,0.0132184968283618,0.00164360677227926,0.000286677692046513
244,225,0.0288804018667046,0.0189158872715537,0.00158502928859232,0.000715036238558521
233,212,0.032531387625931,0.0204731745342113,0.00221634384738314,0.00116977654859605
287,253,0.0258607322855469,0.0201392322455182,0.00143311641793261,0.00101410620152958
190,196,0.0312780623073425,0.0225218392964792,0.00176607813373635,0.00124783964060738
245,221,0.0277902081846824,0.0193089976214505,0.00151175193473263,0.000870802413196269
214,196,0.0273389500290806,0.0186998364557652,0.00136988574296418,0.000543619435444284
238,229,0.0314207622260747,0.0186674339185775,0.00209912516806313,0.000818452694873295
171,155,0.0309653214819818,0.0214888416598582,0.00170994910986855,0.00070792667469795
178,158,0.0233972394013259,0.0116299572488886,0.00121308052111463,0.000234755308799635
234,211,0.0267789879216695,0.0176531142225184,0.00151752285604256,0.000660936738912969
222,189,0.0305577765210183,0.0161907211509688,0.00182588084026922,0.000594083609649641
255,222,0.0290695856913324,0.0158771247462415,0.00176741896813007,0.000378284111517712
249,210,0.0340504205203079,0.020867118699476,0.00272867396500727,0.000660740406788704
231,195,0.0342777551028944,0.0195618568899929,0.00224691507552381,0.000579971984142684
203,196,0.0348655919165307,0.0146084189699353,0.00206954842439327,0.000313560490932218
256,223,0.0357587801552344,0.0114337756402389,0.00227225334691235,0.000229817141634441
245,233,0.0353585668687018,0.0123730196146536,0.00173571653861029,0.000209461384382493
263,224,0.0313612957380421,0.0134722040517087,0.00174439162546264,0.000283965318138822
236,206,0.031550826084537,0.0107524735964634,0.00198123634909627,0.000162627670049652
247,245,0.0290356792897072,0.00986667583044346,0.0015746229515945,0.000190039356928098
206,199,0.0247140259106859,0.010511006801588,0.00085943773493287,0.00020870984799039
222,221,0.028679880868713,0.0107108245921736,0.00132498285470821,0.000192824693297575
229,201,0.0283659218069452,0.010409382694326,0.00121390973196162,0.000182932077148697
265,212,0.0287180505840828,0.012684982763725,0.00138172882515278,0.000197436690329036
228,231,0.0276186820607777,0.011675347241683,0.00134601885416183,0.000237874304404906
243,206,0.0244379048286578,0.00969554051355606,0.0011642684649955,0.000144322558429554
211,182,0.0302384038544317,0.0135608825720362,0.00158752741990515,0.000216288836307298
209,164,0.0280030898985673,0.0125645599573092,0.00139109998432192,0.000210667659328248
213,180,0.02874231023745,0.0131965424860726,0.00158206209616976,0.000231548433761882
226,232,0.0304595302464057,0.0135546211085341,0.00171259368305764,0.000348985278261698
220,196,0.0272193526186411,0.0141924040257702,0.00141265672662985,0.000250168661196389
240,199,0.0276388519623106,0.012557060051886,0.00148724641846401,0.000231221743122506
236,201,0.0302193571052353,0.0118283395605153,0.00177431758925755,0.000210098043101345
217,189,0.0311283391694268,0.0121974323098701,0.00173315116819844,0.00020247227255859
204,138,0.0285852677314354,0.0126967057077038,0.00114076100630601,0.000187351571970429
241,217,0.0321569761236325,0.0148027022085634,0.00209521853378224,0.000353301765352141
200,162,0.0296955145339157,0.0126764481600847,0.00170057111826282,0.00018897654764229
219,186,0.0258838680348714,0.013854104560446,0.00115054406179148,0.00028715805981191
207,179,0.0274080492560237,0.0185740516112465,0.00147323471369088,0.0012522615011927
204,170,0.0251948355933259,0.0114497329103841,0.00115923312106737,0.000218357986736725
214,182,0.0266932337563192,0.0126754381711918,0.00156261977009495,0.000282822595549551
227,186,0.027807878107181,0.0124428850427944,0.00149681387680253,0.000242941240856577
180,174,0.0319695987513696,0.0150469919912336,0.00173932433864069,0.000301810456580353
265,219,0.026925258525145,0.0138087214678086,0.00158750099977154,0.000281181212305143
197,193,0.0304566484697214,0.0128796118311818,0.00162492391066349,0.000237256537231726
338,262,0.0232566711467473,0.0128349941568087,0.00112715275703871,0.000314707663046503
360,245,0.0258501717197073,0.0122481283514007,0.00136344858431231,0.000214801295975521
326,242,0.0254811387266762,0.0116388495565821,0.0011981410499851,0.000153344770000872
304,213,0.0250905337099472,0.0149983411840972,0.00132335997052041,0.000438242944235769
342,268,0.0251313730282076,0.0115001224146464,0.00123830254091723,0.000156641581485197
296,224,0.0251309348294255,0.013265014941101,0.00147037325990909,0.000232224321284458
260,193,0.0274770678206137,0.0130022978252127,0.00146506312595657,0.000195075370816071
285,208,0.0266525915056477,0.0119638219640159,0.00146660172048954,0.00019993078863656
296,223,0.0265042202736458,0.0143648818721725,0.00146576497774356,0.000250641220639586
311,239,0.0244592516069184,0.0116184433098345,0.001061302142639,0.000162012585254666
244,187,0.0240729683033771,0.0118090541400072,0.00100153400851203,0.000203248470243827
254,190,0.0241791085118188,0.0142903007704754,0.00112296610986952,0.0002901094531366
275,206,0.0202704239594837,0.0130648453725998,0.00101085389078094,0.000254356707096791
254,166,0.0268438114208842,0.013967474168012,0.00141931384493203,0.000254369096149472
244,154,0.0239022628539891,0.0133278322182432,0.00120882842030215,0.000219300829894168
244,183,0.0265986175375589,0.0115863512422983,0.00141554855117946,0.000177074547019876
210,179,0.0304276679305923,0.0126775995524685,0.00149383099405999,0.000215708349869526
221,193,0.0282446120287979,0.0139946810112418,0.00160237262159097,0.000319456573353716
284,217,0.0286600968264793,0.0182577377852616,0.00159312757941418,0.000407923138033334
320,218,0.025724647548382,0.0143623272535391,0.00143928322448124,0.000276776256738117
221,178,0.0288263535299365,0.0172922449463895,0.00152167236870594,0.000345485114371091
217,163,0.0318871750305496,0.0171878287519849,0.0016468201583574,0.000345331340691783
211,169,0.0300531953204074,0.014306597249125,0.00162416585403405,0.000316983641359155
300,217,0.0240788475549479,0.0159422636407787,0.00126796876058143,0.000411044625103569
214,174,0.0290944998000422,0.0181921558444998,0.00173530929261124,0.000393777349928573
255,185,0.0261565126195474,0.0158441553373369,0.00151172389826683,0.000360073159233202
220,172,0.0266676193034911,0.0133091445328188,0.00168255882148307,0.000244646556255586
265,184,0.0229702482236887,0.0133702140381346,0.00122604434866811,0.000251357518302473
289,213,0.0290250149963335,0.0181321486748538,0.00195471521107592,0.000405543145973737
258,197,0.035953040456467,0.0194956852422042,0.00215745913110934,0.00038899779641967
343,469,0.0111358827422968,0.00460815499077159,0.000221620052660622,5.07685102581661e-05
187,270,0.0103598571750353,0.00409287453455094,0.00014745560630275,1.78451920283307e-05
197,287,0.0111153955988758,0.00404167039337895,0.000162466792533256,1.40527328806402e-05
227,267,0.0119319033748168,0.00432300469785657,0.000180930252689125,1.67651845802333e-05
208,266,0.013177588964819,0.00495091947225867,0.000205267861860862,2.73796809659308e-05
181,232,0.0104822377648145,0.00439637331137465,0.000187118262306382,1.78715518858815e-05
209,252,0.0090895013223062,0.00436614482433626,0.000115287026923003,1.73276593606899e-05
210,273,0.0132549614174344,0.00455088397090729,0.000443818088780563,2.08140138864001e-05
236,312,0.0117607061985573,0.00387692336788778,0.000161197116334541,1.39072456111404e-05
201,248,0.0112403721611881,0.00384188867605829,0.000139705927436243,1.31516984664604e-05
232,286,0.0110011283352894,0.00391078532960565,0.000158728185674444,1.30009913091598e-05
232,323,0.0109980122000788,0.00405394985885467,0.000173001454621298,1.49887787223699e-05
207,278,0.0124976923635034,0.0042162138558683,0.000181850358797162,1.66882056518776e-05
214,252,0.0132880939203679,0.00429032805823683,0.000218678286456177,1.95930094939258e-05
201,291,0.0152140639908031,0.0043370278449803,0.000308933146015432,2.04786193563581e-05
227,328,0.0147181309397868,0.00429126343879743,0.00026884508474091,1.44635220577561e-05
213,277,0.0126795326653501,0.00432376527491528,0.000199815365133779,1.69554266620892e-05
205,244,0.0117364188723743,0.00476507781675132,0.000197496185033952,2.09864670280676e-05
235,307,0.011621321311057,0.00451058432966508,0.000174443963111426,1.66360632947019e-05
226,258,0.0114519349443043,0.00469939227911148,0.000211689613035564,2.06267822613468e-05
237,300,0.0119599368306355,0.00469349064322393,0.000198409301465376,2.08623480287938e-05
254,303,0.0125129243381022,0.00488735588738734,0.000241530512491934,2.12217743285422e-05
225,280,0.0118529007607145,0.00471127987651783,0.00018144560343471,2.11773970851949e-05
225,283,0.0125346710051994,0.00523390396636088,0.000206158354797037,2.48293403704763e-05
213,288,0.0123357222870488,0.00496895400562089,0.000234786409802531,2.05893237694923e-05
177,229,0.0123301818227961,0.00530737097088117,0.000221232721793659,2.35611786463076e-05
193,266,0.0107619090187115,0.0053548272526497,0.000194336561913106,2.85443871835526e-05
221,309,0.0112536127048113,0.00493921759203602,0.00022481183822046,2.11758169464985e-05
168,218,0.011958592532719,0.00576983834321595,0.000214245333221367,2.93943460206573e-05
233,263,0.0113112876413482,0.00467781386384142,0.000223832874763403,1.80201847632047e-05
248,286,0.00591611841322887,0.00693709246548325,6.45156039730987e-05,0.000111316890743465
225,289,0.007617178320245,0.00444995374192389,0.000133258460087524,3.44631736656576e-05
261,314,0.00629117066108729,0.00826131370859829,8.97441794617169e-05,0.000151531550887628
249,312,0.00681303780245067,0.00595353200533752,0.000112902556161662,9.62144938080915e-05
231,277,0.00651805262787563,0.00592524857336813,0.000127982414598007,7.84959698919546e-05
227,267,0.00458395461337334,0.00634601754879243,3.78526921036624e-05,7.61548962133629e-05
211,241,0.00342336415543077,0.00439108676902772,2.63133283914461e-05,3.64332428506565e-05
69,76,0.00270562014459417,0.00276233547514364,5.4275643394618e-06,4.20662610993692e-06
257,294,0.00352022530665265,0.00470838474547389,1.68622991537296e-05,5.03897615298453e-05
238,290,0.00508201037808735,0.00478706033228342,6.06348363847089e-05,3.46614349925719e-05
222,279,0.00504338958597653,0.00497348114926709,4.67923171938705e-05,3.36624377951511e-05
176,251,0.00513848449795234,0.00531751033143317,3.83028365549282e-05,4.65827745784306e-05
236,250,0.00465265689612399,0.00569523536869893,4.06109778230175e-05,5.72153430926206e-05
229,277,0.00516679147018227,0.00527810661042756,4.53491252801897e-05,4.5222226452847e-05
260,288,0.00445434579657927,0.00494165722969471,2.83739079975844e-05,4.45197593904184e-05
252,275,0.00308396884488415,0.00453320167902804,1.40844706549332e-05,3.4384288790869e-05
274,279,0.00279244093624432,0.00362497458189303,8.2553731451621e-06,1.74196611809264e-05
210,251,0.00340945504883419,0.00402234572171352,1.48267250352162e-05,2.08956444165014e-05
259,273,0.00346580910998396,0.00539848423032664,2.15904369675379e-05,5.88116598703909e-05
237,232,0.00340447501537563,0.00496892334413037,1.39705125357229e-05,4.20626656240618e-05
228,257,0.00298109771252272,0.00422171979908281,1.458992010663e-05,3.176820295319e-05
234,260,0.00304581152953624,0.00510174157927961,1.73226116948184e-05,5.20094628178303e-05
220,220,0.003308875545095,0.0044446095017289,1.32979700271698e-05,2.98597712135107e-05
202,239,0.00329043684501825,0.00414367573289917,1.49633299446665e-05,2.31337091378804e-05
217,254,0.00366866412211078,0.00631356292914673,1.98993490282716e-05,8.8497744268416e-05
231,258,0.00357261388411222,0.00486510248413689,1.94800746212603e-05,4.49685139035289e-05
194,256,0.00409081364816144,0.00398734526004183,2.25020836333474e-05,3.17793529118719e-05
204,243,0.00508880432734263,0.00542519150172524,3.97836350227304e-05,5.39266782338499e-05
188,260,0.00543172202033628,0.00518032271571179,6.00457990791149e-05,4.7944678529406e-05
195,229,0.00414759698423229,0.00588586793612118,2.53371660140254e-05,6.38891208955538e-05
389,540,0.0145014552968391,0.00362186909768225,0.000247700753152231,1.19260091744201e-05
226,302,0.0152675285389661,0.00400191968494053,0.000224770543990004,1.45974846198187e-05
264,346,0.0130796000624464,0.00390511335950253,0.000206594150050477,1.38039915975592e-05
229,291,0.012564690332045,0.00399992869985405,0.000208758347287234,1.57291982852763e-05
210,204,0.0125086395416931,0.00436056588766471,0.000194678972587893,2.25563970756335e-05
176,228,0.0133594944647003,0.00387933027977004,0.000257568743162208,1.25183791417188e-05
218,270,0.0124990565073774,0.00421086018553732,0.000204154597640384,1.51210362545398e-05
261,310,0.0113915797740238,0.00396639680221857,0.000155330327408447,1.24100367788382e-05
157,186,0.01004552277722,0.00475440146205508,0.000115835826547765,2.566822644054e-05
180,244,0.0103854132459489,0.00415092185187995,0.000125623467497301,1.4410991191959e-05
267,317,0.0126814760113925,0.00425275551966533,0.000251896897228435,1.60120046131218e-05
184,227,0.0126385797296693,0.0042593050903875,0.000220108514389208,1.66350724615819e-05
231,279,0.0130724200485134,0.00444878184665846,0.000230545878017872,1.77964211110571e-05
213,259,0.0121468555278052,0.00489320221925375,0.000226774282945455,1.98618214047887e-05
247,292,0.0120340021217852,0.00485319115486005,0.000204966137917169,2.18404995957725e-05
231,308,0.0120276003496514,0.00485953896389202,0.000178903940239511,1.99003112695613e-05
276,372,0.0111691097855978,0.00457623554198452,0.000165505521172434,1.78160174884147e-05
188,202,0.012841387337846,0.00540714960139132,0.000284763331516039,3.13426442073594e-05
179,210,0.0111286868450227,0.00485083198014739,0.000165566339606848,2.58102385325998e-05
215,260,0.0130681333694672,0.00538542255368189,0.000232608811517736,2.44491763120467e-05
252,308,0.0115101362941747,0.00478656669780557,0.000150059762596205,1.80299499425643e-05
152,201,0.0118371083390375,0.00523911899166547,0.000192378380739272,2.10576746712484e-05
240,292,0.0110073895434336,0.00532816819737679,0.000171816844688887,2.33257629789868e-05
169,206,0.00995014897518683,0.00601210141021057,0.000158603246157499,7.09549784758615e-05
164,226,0.0107281701826864,0.00549222187783089,0.000183069190103641,3.33878962725116e-05
268,331,0.0108757091268945,0.0051570854530408,0.000164960695621879,2.33788346255431e-05
156,205,0.0108904426138327,0.00537415964470383,0.000179180610114263,2.36022993033074e-05
167,218,0.0114186492145473,0.00523864319304119,0.000183772627011232,2.37985719434951e-05
270,346,0.00962780119306901,0.00513150157611811,0.000120295823620686,2.55481425025537e-05
222,316,0.0102770349725171,0.00473239632441167,0.000144226069316547,1.99945585504806e-05
210,298,0.0266044744404003,0.00271545772211711,0.000817702707078559,4.88371275072543e-06
283,357,0.0261672930892412,0.00279037574360084,0.000824830178332962,4.84530436526594e-06
252,297,0.0316937512431552,0.00307444368762465,0.00102898976547068,6.43177924798289e-06
232,327,0.0292313921998957,0.00314166806081687,0.000892031535677816,7.24921570220311e-06
263,365,0.0315047525076339,0.0031334792978379,0.00101721628452956,6.79887020942355e-06
261,349,0.0325727317313615,0.00299480644334005,0.00102345252772107,5.63084822091287e-06
209,286,0.0372372428180706,0.00409463198000664,0.00133567176795658,1.48499961052068e-05
223,271,0.0356972035199278,0.00444050047991257,0.00130822045400438,2.23559626277031e-05
251,331,0.0359461959364579,0.00421506248614478,0.00116316750091592,1.52846770938938e-05
236,265,0.0374886195165806,0.00514139191616318,0.0012825113209464,2.88392589265617e-05
248,344,0.0404353946944529,0.00452647111339875,0.00130189531221017,1.65178068173056e-05
240,298,0.0392107042627708,0.0061091840275436,0.00145743068923865,5.22606111228781e-05
206,226,0.0419427495532505,0.00713153840695228,0.00144187077272219,6.3548608426093e-05
258,251,0.043272845312915,0.00868795558714038,0.00179083103057552,9.99995457862908e-05
236,233,0.0393873451842648,0.00890303498640967,0.00117521694702887,0.000100339622749705
212,220,0.0420417606676124,0.00872567718668032,0.00141635981863045,7.96304834099481e-05
277,269,0.041483458453271,0.0111715654453154,0.00159888691628406,0.00014736617009118
295,275,0.0395916674435426,0.0112222014033897,0.00159399544525901,0.000145963537445537
207,225,0.045900213849546,0.0101345433174752,0.0019758130274174,0.000116481682964974
217,231,0.0439221070813112,0.00842276446501853,0.00175304787700154,7.73355676090803e-05
224,231,0.0435185047268876,0.00789613306375458,0.00197594856543486,6.76583873355075e-05
228,227,0.0433575370397789,0.0099691644051261,0.00175314671437588,0.000113495757757037
251,244,0.0424647011584921,0.0106108791966239,0.00171617675967903,0.000120373372769627
242,219,0.0420016760197295,0.00962295668518018,0.00167213556147335,9.29706842971561e-05
210,205,0.043225460951913,0.00887507531477422,0.00193106903277455,9.45546051668077e-05
295,318,0.0398569277100665,0.00722448858906302,0.00155781671488543,4.8333019669622e-05
212,212,0.0432305292855509,0.00869507497096121,0.00168410845616062,8.54067650999124e-05
305,349,0.044718749740482,0.00707256405246383,0.00198230033015076,6.72538024964935e-05
253,315,0.0460539367792436,0.00519615129198957,0.00219833090365006,3.98492604758375e-05
270,284,0.0464095997949612,0.00606920646386077,0.00227039369229381,6.63202477002612e-05
309,397,0.0395614665211,0.00272049335978835,0.00224350613937524,9.39520372979785e-06
276,313,0.0449395247732363,0.00299142910444125,0.00267791372051399,1.38974852369674e-05
300,343,0.0358533447996526,0.00314698189930291,0.00146721437982043,7.47255710706559e-06
391,471,0.0361493940110508,0.00323431308623863,0.00184892221467743,1.10975988529353e-05
280,352,0.0379959579953224,0.00369857220614704,0.00177536414441038,1.72321082576464e-05
461,508,0.0241591801842383,0.00391755620853538,0.000614563168975875,1.55988084084956e-05
355,421,0.0285569869985392,0.00350672164376736,0.00147551464136257,1.87628959742627e-05
318,381,0.0306219935551473,0.00334143199057428,0.00168255485523237,1.69041377866977e-05
231,291,0.0341315359534859,0.00270324914842376,0.00132652837216726,6.57043548084341e-06
481,587,0.0247625614755285,0.00282564838625568,0.000767490850699232,7.50710249940335e-06
350,485,0.0286821434045696,0.00245597065022413,0.000849210476872336,4.05367295386802e-06
303,367,0.0290254502931907,0.00251427571391724,0.00107258339488159,4.27279466565215e-06
344,398,0.0314879965131458,0.00296131591976421,0.00170087091371288,6.75804294505673e-06
331,377,0.0236835115524894,0.00347364098268336,0.000915714509480667,1.15126193310991e-05
320,418,0.0284981515249562,0.00294160854455814,0.00163863612918266,7.95336180336071e-06
352,431,0.0226070964473158,0.00303514908074789,0.000885487316432816,8.88362009503938e-06
325,407,0.0217975400729779,0.0027490653244072,0.000838726041967305,9.4489923139e-06
335,378,0.0209802826781273,0.0046827560330607,0.000613630959688442,9.518529650827e-05
326,373,0.0258069166338722,0.00339845129961289,0.00126984109155494,1.97000935563766e-05
292,386,0.0339704154585411,0.00290733545284417,0.00185298315963747,7.06552989567552e-06
317,386,0.0310622545109367,0.00307672838486409,0.00124086867627392,7.03995121394774e-06
293,324,0.0309076310550049,0.00337167340793589,0.00189135474756376,1.05199774542952e-05
337,396,0.0304736022501707,0.00287155480505807,0.00176322526956044,7.98698747963249e-06
364,434,0.0281761049259268,0.00283663513615001,0.00188851980861164,5.95115143440124e-06
318,380,0.0257674576393435,0.00299268803550965,0.00117638875629828,8.90435254206764e-06
349,398,0.0286641744593867,0.00291665928994238,0.00151660740207541,7.20888776220377e-06
355,370,0.0288113732001718,0.00319976448971085,0.00182513567435702,1.05047269929966e-05
319,395,0.0299209608253794,0.00284596060535859,0.00172820896746141,6.03116949987751e-06
278,352,0.035990982027273,0.00299723575789784,0.00249508616265111,7.2770472824926e-06
379,426,0.0292499357983369,0.00312455550167776,0.00219896615780536,9.28381365228943e-06
368,373,0.0324839839658709,0.00604476541916618,0.00113873818843425,5.19199773916378e-05
303,288,0.0465517615098521,0.00780771988610236,0.00219286057426214,6.34063447208266e-05
254,213,0.0558909882983051,0.00994221242639598,0.00251620711088117,0.000112999494861416
361,300,0.0524143929955744,0.0119249383705406,0.00243047826513526,0.000147324654763703
249,203,0.0528606236503121,0.0109490963756521,0.00256594304787478,0.000116745422815867
233,194,0.0512631159015146,0.012089274225676,0.00211013208450197,0.000148921987398626
319,254,0.0506856289734692,0.0115020122283412,0.00223628906256508,0.000127202006642605
290,244,0.0493484462407738,0.0106661466347409,0.00192956441130179,0.000106323303241066
300,257,0.0452933747961648,0.0107407073078652,0.00166367537507393,0.000109722684152755
310,235,0.0449531674172561,0.00990917104557457,0.00171433623251582,0.000103086199959747
237,238,0.0499962603439063,0.00955892828982382,0.0024819411229694,0.000100732463519458
237,199,0.0461808414587273,0.0121038893759312,0.00189724610443223,0.000150334101606076
257,233,0.049576493513858,0.0103657399949897,0.0019080243943742,0.000104617732498767
226,220,0.0491024264607211,0.0111631933681117,0.00232081868585342,0.000132377084332925
277,246,0.0499610126973447,0.0123067305112273,0.00226988751785261,0.000153131892170712
296,265,0.0441496694307788,0.0116335465627332,0.00180272409963959,0.000157463597276501
212,197,0.0522335811882777,0.00964295350414543,0.00286575612530174,8.04424762871321e-05
290,285,0.0471740320346863,0.00951068977054986,0.00225566213351961,8.84771583311508e-05
281,232,0.0434966185838746,0.010461075793837,0.002184901025254,0.000111387386209914
320,329,0.0470755330921322,0.00914163717895196,0.00248054990515355,0.000100734418488453
209,186,0.0474005555398074,0.0111122717663389,0.00214172453974799,0.000162067032860223
278,300,0.0451684472150035,0.00995944564735301,0.00234165871430907,0.00011527417973496
299,316,0.0425180964465548,0.00864757422123432,0.00227941690515592,8.74944624514578e-05
247,213,0.0431338035999327,0.00870949896531361,0.00242079941508272,7.9455260631587e-05
282,262,0.0456883309616037,0.0116486293979545,0.00209489060298862,0.000205438078851942
303,257,0.0464130343318135,0.0123997864649343,0.00185012994836916,0.000167644261251222
322,297,0.0464035191442162,0.0136323815590145,0.00203112011610283,0.000175686117174189
276,251,0.0447784251171742,0.0124414047941281,0.00200259174403601,0.000165360218732956
274,277,0.04919149529127,0.012724940704892,0.00267006043908514,0.000182321341162694
323,314,0.0427951027354489,0.0111586390755001,0.00199549670795496,0.000127848496604073
80,270,0.00539726635525505,0.00180923228252372,1.4370341867548e-05,1.67754786745009e-06
96,316,0.00543722250255305,0.00183157143540363,1.24242144759891e-05,1.84826940641791e-06
61,242,0.00566439557387541,0.00174525638444364,1.27452812127101e-05,1.41489531206925e-06
88,256,0.00556161868265897,0.00173036373573371,1.64871820328213e-05,1.63454442691437e-06
91,283,0.00536744624563048,0.00184627480601556,1.37203506109711e-05,1.75431375098011e-06
97,312,0.00525002014244594,0.00186764747283551,1.22532764321293e-05,1.99938656205698e-06
65,196,0.00585728608931922,0.00196361071798437,1.46864999185701e-05,2.33245163272913e-06
84,270,0.0062547344943662,0.00223756726273162,1.6622099262963e-05,7.58698119078865e-06
121,439,0.00728314892414689,0.0017607465288682,2.77123723750731e-05,1.70881787407713e-06
45,149,0.00643770548351442,0.00178270194810871,1.51620531703863e-05,1.85684226927557e-06
80,234,0.00598661843416486,0.0018526986419615,1.71162507406231e-05,1.73943098280154e-06
52,193,0.00640628531493551,0.00177113813770908,1.52082637223439e-05,1.58794843666401e-06
57,214,0.00583074382231324,0.00165826907357625,1.23217397026857e-05,1.47381994752787e-06
84,246,0.00574939209265415,0.00190319073317666,1.63166345955639e-05,1.85956568950239e-06
111,303,0.00650459303768852,0.00200645903026473,2.1031684197283e-05,2.38761774737554e-06
75,220,0.00579402872705687,0.00188781537186429,1.54368027730822e-05,1.9372883499862e-06
81,229,0.00618293392685963,0.00181816706420756,1.59311671725517e-05,1.75310849290628e-06
37,130,0.0061446188195425,0.00172195149395719,1.53395909335964e-05,1.70119975713057e-06
60,236,0.00623879381606264,0.0018760997544173,1.50489987435531e-05,2.02317949632685e-06
102,310,0.00629027976750819,0.00198323594503932,1.84616957502059e-05,2.43141163079046e-06
105,309,0.00576544581627526,0.00200375268340058,1.3621395667519e-05,2.29785076097311e-06
100,267,0.00694751515435953,0.00208906471045655,2.68608152958032e-05,2.42661367794867e-06
91,201,0.00652571380462701,0.0023060107614151,2.45457922912946e-05,3.40328339083837e-06
126,329,0.00617216922594306,0.00205159956297049,1.69553101426804e-05,2.57125846407025e-06
93,218,0.00637001457244978,0.00231239221546609,1.85996980421404e-05,4.52882270906832e-06
97,274,0.0063765346668633,0.00198972997991597,1.90096643072297e-05,2.48804695884567e-06
75,231,0.00689711342965631,0.00214597141129558,1.90856594211293e-05,2.87446665582852e-06
53,142,0.00669688964575014,0.00233431976281018,2.27218908211211e-05,3.19008318844356e-06
112,334,0.00688827598485108,0.00212418387804123,2.01140812760416e-05,3.09826087537821e-06
68,209,0.00681683634968882,0.00204410907256279,2.66360221360956e-05,2.4388075019582e-06
120,209,0.00933785466864927,0.00169149207369716,0.000106245708183017,5.51402639471504e-06
155,233,0.00860206632659076,0.00208894348555,7.00673638739431e-05,5.10528489856119e-06
91,171,0.00891982992976908,0.00268779870384593,9.51965207676917e-05,1.33971137295318e-05
142,220,0.00744791070699241,0.00221068608092777,6.49463877976263e-05,6.68149654652641e-06
133,199,0.00744199737034628,0.0018670157058971,9.43618705634713e-05,2.73574745277706e-06
125,218,0.00745914002912991,0.00176014494725808,7.51589109807412e-05,2.74441237110744e-06
129,196,0.00726793889504721,0.00240542451398665,7.30289357611205e-05,7.10657773788011e-06
109,192,0.00766340062210926,0.00216156689265164,6.98975141451848e-05,5.49427677042571e-06
121,183,0.00807179885628622,0.00247141739388666,9.26039335561227e-05,7.63880029353129e-06
153,230,0.00808882128196294,0.00242000498577542,7.17604687924079e-05,6.14693066397967e-06
123,205,0.00847272691254552,0.00180103557261151,9.9275504899441e-05,4.11427723039659e-06
111,181,0.00821887572545265,0.00236400243249666,7.04575196617475e-05,5.36651219917974e-06
95,140,0.00900408271137683,0.00258430842429033,8.54773454142364e-05,7.86883612460125e-06
124,181,0.00843729469003599,0.00298169804647814,7.67838292053544e-05,1.2918907444504e-05
104,179,0.00783868955728908,0.00184536294553244,6.246097841573e-05,2.7478395202803e-06
133,173,0.00870513234592936,0.00203416160949066,7.78108346757252e-05,3.87111419220304e-06
133,191,0.00817683773906302,0.00254330314171281,8.55937613324312e-05,6.62380927973752e-06
135,228,0.00891234955768292,0.00261918886178499,9.28894415286265e-05,7.38857906623787e-06
116,194,0.00847420705960731,0.0024185766086156,8.1166877365808e-05,7.42523347234794e-06
104,143,0.0085409813320355,0.0024971579555622,8.47047877802605e-05,5.44032925166385e-06
107,172,0.00918883932657959,0.00233801441535752,0.000107495652152595,5.59091974142745e-06
116,157,0.00823504441641923,0.00251945074064413,7.29970951634071e-05,6.96208287159687e-06
138,190,0.0086579179188649,0.00242875517379586,8.40403270320063e-05,5.78264026348959e-06
104,131,0.00837502449473305,0.0025342261007128,8.95734125063612e-05,7.22899065067433e-06
136,189,0.00856514630121081,0.00252378458377925,9.6092069074703e-05,5.28148894704967e-06
118,171,0.00781461102959792,0.00239380933459661,8.18016019165329e-05,6.68753101576635e-06
116,173,0.00821806769996812,0.00254948786297484,5.79948245258416e-05,5.97099875500401e-06
130,189,0.00903641931029465,0.00303627609107593,9.0351502861811e-05,7.54338560338815e-06
120,173,0.00852015626180046,0.00264350456135148,7.84786473215349e-05,8.11916919452105e-06
107,154,0.00785623212847083,0.00280847349937986,8.81281185882607e-05,7.36823089652413e-06
56,142,0.0089888927321083,0.00221212822374369,2.60447914500476e-05,4.97919524459331e-06
53,136,0.00856672782916071,0.00224746833866519,2.18534562530899e-05,4.50945942916356e-06
77,197,0.00824711913268362,0.00226969578056479,1.96844890241297e-05,5.01209273309846e-06
69,155,0.00813686992579351,0.0022595523280594,1.92616315001311e-05,4.67252987825502e-06
73,173,0.0083929333319831,0.00245302781381784,2.0082683843007e-05,4.76495283991265e-06
67,185,0.00810010031817223,0.00240071988822189,1.89487687126834e-05,4.74038481096916e-06
82,187,0.00851765819388266,0.00242552125675225,2.43901319164854e-05,5.25246119023757e-06
76,192,0.00834822436866429,0.00262197167829005,2.0943336762617e-05,7.17816664584842e-06
90,213,0.00844759347715314,0.00236090732394208,2.29791953263188e-05,4.3114447043168e-06
88,203,0.00851980378618162,0.00260873827432466,2.1039884550161e-05,5.53041019511597e-06
72,163,0.00862890329401687,0.00256623466459568,2.13912657669247e-05,5.55971621548102e-06
83,212,0.00830908501132564,0.00257169146151034,1.90376871714447e-05,5.52858561636904e-06
106,251,0.0082024041401553,0.00268364520844694,2.20004016015182e-05,1.23674182254563e-05
94,215,0.00813427089485878,0.00277285805824644,2.12034904408904e-05,1.70045972152005e-05
75,161,0.00823803871602895,0.00265469356250467,2.15245750897923e-05,6.5794017567764e-06
95,246,0.00795567931439513,0.00263506146142571,2.11162039786127e-05,5.49154693137855e-06
90,187,0.00779278264483443,0.00265210689870976,1.83854569272973e-05,5.33230465541625e-06
91,204,0.00828630761880768,0.00292324622496329,2.13808545220082e-05,8.98504090428058e-06
93,217,0.00812862901554564,0.00268835171002745,2.34194064445998e-05,6.09358406868858e-06
67,139,0.00809344903375747,0.00281945056950555,1.96654962210821e-05,6.86643571856231e-06
88,201,0.00835149948365312,0.00276298085410248,2.24140414176786e-05,6.14403895480886e-06
77,165,0.00797121592415621,0.00267347685495345,1.87519893860739e-05,5.07693943840955e-06
82,174,0.00854013036451044,0.00257645829837597,2.27468941810208e-05,4.76179195876368e-06
63,146,0.0086809265505356,0.00271998760833771,2.52815507075889e-05,8.42651838337801e-06
98,204,0.00919185706585313,0.00292520402420575,2.94168251740487e-05,9.49787623317972e-06
86,177,0.00876279351019908,0.00338869964228917,2.76407013944709e-05,1.27937635973693e-05
99,225,0.00816929703813637,0.00284083227485793,2.05547426002047e-05,6.80266572109332e-06
72,159,0.00841521549848703,0.0027001929042871,2.30065675482149e-05,6.0301007873028e-06
79,187,0.00843813930434457,0.00252344094970051,2.24604219602512e-05,5.35972074298395e-06
117,229,0.00931344287777461,0.0029394528162415,3.36862873023232e-05,8.32512869139442e-06
